title,1,2,3,5,6,7,10,11,16,17,19,21,22,25,29,31,32,34,36,39,44,45,47,48,50,58,60,62,65,70,95,104,110,111,112,135,141,145,150,151,153,158,160,161,163,165,168,170,172,173,180,185,186,193,196,204,208,216,223,224,225,231,235,236,252,253,256,260,261,265,266,272,277,282,288,292,293,296,300,303,315,316,317,318,327,329,333,337,339,342,344,345,348,349,350,353,355,356,357,362,364,367,368,370,376,377,380,410,420,431,432,434,435,440,441,442,454,455,457,466,471,474,480,485,494,497,500,508,509,520,524,527,529,539,541,543,551,552,553,555,585,586,587,588,589,590,592,593,594,595,596,597,608,610
2001: A Space Odyssey,,,,,,4.0,,,,,3.0,,,,5.0,,,,,2.0,,4.0,,,4.5,,,,,,5.0,,,,,,,,,,,,5.0,,,,,,,,,,5.0,5.0,,,,,,,,,,,,,,,,,5.0,,,,5.0,,,,,,3.0,,,3.5,,,2.0,,5.0,,,4.0,,,,,,,,5.0,,,3.0,,,5.0,4.0,,4.0,,,4.5,,4.5,,,,,,,,4.0,,,,,,,,3.0,4.0,,,,,,,,,,,,,,,5.0,,,,,4.0,,3.0,4.5
Ace Ventura: Pet Detective,,,,3.0,3.0,,,,,,2.0,,,,,3.0,,,,,,4.0,,,,1.0,,3.0,,,,,,,,,2.0,2.0,,,,,,,,,,3.0,,,,,,,,,,,1.0,,,,2.0,,,,,,,,,,,2.0,3.0,2.0,2.0,,,,,4.5,,3.5,,,,,,,,3.5,,4.0,,5.0,,1.5,,,,,,,2.0,3.0,5.0,,,,1.5,3.0,,,,,,3.0,,,,1.0,3.5,,1.0,,,,4.0,1.0,3.0,,,,3.0,4.0,,,,4.0,,,3.0,3.0,,3.0,4.0,1.5,,,,,3.5,3.0
Aladdin,,,,4.0,5.0,3.0,4.0,,,,3.0,4.0,,,,5.0,,,,4.0,,5.0,,,,5.0,,,,,,4.0,,4.5,,,4.0,4.0,,,,,,,,,,3.0,,3.0,,4.0,5.0,,,,,4.0,,,4.0,,4.0,,,,,,,,,,,4.5,4.0,4.0,,,,,,,,,,,,,,,,,,4.0,,3.0,,,4.5,,,,,,,,5.0,,4.0,,,4.0,,,,,,3.0,,,,4.0,4.0,4.0,,,4.0,,3.5,,4.0,5.0,,,3.0,5.0,,,,,,4.5,,,,4.0,5.0,3.5,4.5,,,4.0,3.0,
Alien,4.0,,,,,,,,4.0,,4.0,1.5,,,,4.0,,,,5.0,,,,,,,,,,,4.0,,,,,4.0,,,,,,,2.0,,,,,,,,,,4.0,,4.5,,,,,,4.0,4.0,,5.0,,,,,,2.0,,,,,3.0,3.0,,,,5.0,,,,,,,,,4.0,,1.0,5.0,,,,,,,,,,,4.0,,5.0,5.0,5.0,,,,4.0,5.0,,4.5,,,,,,,,4.0,5.0,,5.0,,,,,5.0,3.0,5.0,,,,,,,,5.0,,,,,,4.5,,,4.0,,4.0,5.0,4.0,4.5
Aliens,,,,,,,,,,,3.0,2.0,,,,3.0,,,,5.0,,,,,,,,,,,4.5,,,,,5.0,,,,,,,1.0,,,,,,,,,,5.0,,,,,,,,,5.0,,,,,,,,,5.0,,,,3.0,,,,,5.0,,,4.0,,,,,,,,,4.5,,,,,,,,,,,5.0,,3.5,4.5,5.0,,,,4.0,5.0,,,,,,,,,,3.5,4.0,,5.0,,,,,5.0,5.0,,,,,,,,,5.0,,5.0,,,,4.5,,,,,3.5,5.0,4.5,5.0
"Amelie (Fabuleux destin d'Amélie Poulain, Le)",,,,,,,,,4.0,,,3.0,,,,,,4.0,,,,,,,,,,4.5,,,5.0,5.0,5.0,,,,3.5,,,,5.0,,,,,,3.5,,,,,,,,,4.0,,,5.0,,,,,,,5.0,4.0,3.5,,,,,,,,,,,4.0,,,,5.0,4.0,,,,,5.0,,4.0,,5.0,,,,,5.0,,,,,,4.5,4.5,,,,3.5,,3.5,,,,,,,,,,4.0,5.0,4.5,,,3.0,,,4.0,5.0,,,,,,,,,,,,,,,,,,3.5,,,4.0,,,4.0
American Beauty,5.0,,,,,4.0,1.0,,3.5,4.0,4.0,2.0,,,,,,,,5.0,,5.0,,,,,,,,4.0,,,4.5,4.0,,4.0,,,,,3.0,,5.0,,,,5.0,,,,,,,2.5,,4.0,,5.0,,,3.0,4.0,,5.0,,,,,5.0,2.0,,,,4.5,,,,,5.0,,,4.0,5.0,3.5,,,,,5.0,,5.0,4.0,5.0,,,,,4.0,3.5,,,,4.0,3.5,,4.5,,3.0,4.0,,3.5,5.0,,,,,5.0,,3.0,,,3.5,4.0,,,4.0,5.0,,,,,,,,,5.0,,,5.0,5.0,4.5,,5.0,,,3.0,,4.5,,,,5.0,5.0,3.5
American History X,5.0,,,,,,,,3.5,4.5,,,,,,,,,,,,5.0,,,,,,4.5,4.5,,,,,3.5,,,,,,,,,3.0,,,,,,,,,,,,,5.0,,,,,,,,,,,,4.0,4.0,,,,,4.5,4.5,,,,4.0,,,,5.0,,4.5,,,,,,,,5.0,,,,,,4.0,4.0,,,,4.0,,,,,4.0,,4.5,5.0,,,,,,,,,,4.0,5.0,,,5.0,,,,,,,,3.5,,,,,,5.0,5.0,,,,,3.0,,,,,,,4.0,
American Pie,,,,,,,,,,,3.0,5.0,,,,,,,,,,4.0,,,,,,,,,4.0,,,,,4.0,3.0,,,,,,2.0,,,,,,,,,,,,,,,,,,,,,,,,,,,,1.0,,,,,,,,,,,,,,5.0,,,,5.0,4.0,,,,,,,,3.5,3.5,,,,,,,,,,,,3.0,2.0,,,,,,,4.0,,,,3.5,,,,4.0,,,,,,,,,,,3.5,,5.0,,,,,,2.5,,2.5,3.5,,,5.0,2.5,
Apocalypse Now,4.0,,,,,4.0,,,4.0,,,,,,4.0,,,,,,,,,,4.5,,,,,,5.0,,4.0,,,,,,,,2.0,,5.0,,,,5.0,,,,,,,,,4.5,,,,,,,,,,,,,,,5.0,,,4.5,4.5,,,,,,,,5.0,4.0,,,,,,,,,5.0,,,,,5.0,3.5,5.0,,,5.0,,,5.0,4.0,,3.5,,,3.5,,,,,3.0,,,,,3.5,4.0,,,,,,,,4.0,,,,,,,4.0,,5.0,,,,,,4.5,,,3.0,,,5.0,3.0,5.0
Apollo 13,,,,3.0,4.0,4.5,,5.0,,3.5,,,,,4.0,,,,,,,5.0,3.0,,,4.0,,,,4.0,,,,,4.0,,3.5,3.0,,,,,5.0,,,,,3.0,,4.0,,,,,5.0,,,,,,,,5.0,,,,,,,4.0,,,,4.5,3.0,,,,,,,,3.0,,4.5,,,,4.0,,,,,,,,,,3.5,,,4.0,,,5.0,5.0,,,,,,5.0,,,,,,3.0,,,,4.5,3.5,5.0,,,,,,,5.0,,,,,,,,,4.0,,,,3.0,4.0,4.5,5.0,3.0,3.5,,3.5,,2.0,
Armageddon,,,,,,4.0,,4.0,,,2.0,,,,,,,,,,,,,,,,,,,,,,,,5.0,1.0,3.0,,,,,,1.0,,,,,,,,,,,,,,,,,,,,,,,,,,,,,,,,,3.0,3.0,,,,,,,3.5,,,,,,,,,,,,,,,3.0,,,,3.0,,,,3.0,,,,3.0,2.5,,,,,,,,,,1.5,3.0,,,,,,3.0,,,,,,,5.0,4.0,,,3.0,,,,,,2.5,,,4.5,,,1.0,3.5,
As Good as It Gets,,,,,,0.5,3.5,5.0,,,2.0,,,,,,,,,,,4.0,,,,,,,,,,,,,,,,,,,,,,,4.0,,,,,,,,,,,,,,,,,,,,,,,3.0,,4.0,3.0,,,4.0,3.5,,,,,,,,4.0,,,,,,4.0,,,,,,,,,4.0,3.5,,,4.0,,,,,,,,,,,,,,,,,,,,3.5,3.5,,,,5.0,,,,,,,,,,,3.5,,5.0,,4.0,,,,,,3.5,3.0,,,4.0,3.5,4.0
Austin Powers: International Man of Mystery,5.0,,,,,3.5,,,,,3.0,,,,,,,,,,4.0,5.0,,,,,,,,,,2.0,,4.0,,5.0,3.0,,,,,,,,,,,,,,,,,,,,,,,,,,,,,,,,,,4.0,,,4.5,,,,,,3.0,,,,,,,,,,,,,,,,,,,3.0,,,1.0,,,2.0,4.5,3.0,2.0,4.5,,,4.0,,,5.0,,,,,,,3.5,3.5,,,,,,3.5,,,,,,,,,,,5.0,,,,,,3.5,,,,,,5.0,3.0,
Austin Powers: The Spy Who Shagged Me,,,,,,2.0,,,,,3.0,2.5,,,,,,,,,,4.0,,,,,,,,,,3.0,,3.0,,4.0,3.0,,,,,,,,,,,,,,,,3.0,,,,,,3.0,,,,,5.0,,,,,,,5.0,,,4.0,,3.0,,,,3.0,,3.0,,,,,,,,3.0,,,,,,,,,3.0,,,,,,2.0,4.0,3.0,,4.5,,0.5,3.5,,,5.0,,,,,,,3.0,4.5,,,,3.0,,4.0,,,,,,,,,3.0,,5.0,,,,,,2.5,,1.5,,,,5.0,3.0,
Avatar,,,,,,,2.5,,,,,4.0,3.5,,,,,,,,,,2.5,,2.0,,,4.0,,,,3.0,,2.0,4.0,,2.5,,,,1.0,,,,,,,,,,,,,,,,,,,,,,,,,2.0,4.5,,,,,,,4.0,4.0,4.0,,,,,,,,3.5,,,,,3.0,,,,,,,,,,4.0,,,,,,,4.5,3.0,,,,4.0,5.0,,,,,,,,,,,,,,,,,,4.5,,,,,,5.0,3.5,,,,,4.0,,,,3.5,,,,,3.0,,,4.5
Babe,,,,4.0,4.0,,,,,,4.0,,,,,,,,,,,,,,,,,,,,4.0,,,2.5,,,,,,,,,5.0,,,,,5.0,,,,2.0,,,,,,5.0,1.0,,,,4.0,,,,,,,,,,,,4.0,3.5,,,,,,,,,,,,,,,,,,5.0,,5.0,,,4.0,,,3.0,,,,4.0,4.0,,,,,3.5,,,,,,4.0,2.0,,,4.5,4.0,,,,,,3.5,,,5.0,,,,,,,,,,,,,,,,4.0,,,4.0,4.0,3.5,
Back to the Future,5.0,,,,,5.0,,,,4.5,4.0,5.0,,,4.0,4.0,,,,4.0,,3.5,,,,,,4.5,,4.0,5.0,2.0,,,4.0,,2.5,,,,,,5.0,,,,,,4.0,,,,,3.0,,,,,,5.0,4.0,4.0,,,,,5.0,,,5.0,4.0,,,5.0,5.0,4.0,,,,3.5,,,,2.5,,,,,4.0,4.0,5.0,,,,,,,5.0,4.0,,,4.0,,,4.5,,5.0,,3.5,,,3.5,,,,,,,4.0,,,4.5,5.0,,,,,4.5,,5.0,5.0,4.0,,,,5.0,4.0,,,3.0,,4.5,5.0,,,4.5,,,,,4.0,5.0,2.0,5.0
Batman,4.0,,,3.0,3.0,3.0,,,,4.5,5.0,3.5,,,,,5.0,,,4.0,,,,,,3.0,,,,,,3.0,,,,5.0,,3.0,,,,,4.0,,,4.0,,3.0,,3.0,,,4.0,,,,,,,,,,3.0,,,,,,,3.0,4.0,,,3.5,3.0,3.5,,,,,,,,,,,,,2.5,,,,,,,4.0,,,3.0,4.5,,,3.0,4.0,,,3.0,,,,,,,,,,,3.0,,,,4.0,4.5,3.0,,,,,,,3.0,,,,3.0,,,,,3.0,,,,2.0,,3.0,5.0,,4.5,,3.5,4.0,3.0,4.5
Batman Begins,,,,,,2.0,5.0,,,4.0,,3.5,2.5,,,,,,,,,,,,2.5,,,5.0,,,,,,2.0,,,3.5,,,,,,,,,,,,,,,,,,,4.0,,,4.0,,,,,,,,,,,,,,,,4.5,,,,,,,,,4.0,,,,,3.5,,,,,,,,,5.0,4.0,4.5,,,,3.0,4.0,,5.0,,,,,4.5,4.0,,,,,,,3.5,,3.5,4.0,,,,,,,,,,,,,5.0,,,,,,4.0,,,,4.0,,,,,4.0,,,4.0
Batman Forever,,,,3.0,3.0,,,3.0,,,2.0,,,,,,3.0,,,,,,,,,3.0,,,,,,,,,,1.0,,3.0,,,0.5,,3.0,,,,,3.0,,3.0,,,,,,,,,,,,,3.0,,,,,,,,,,,,2.0,3.0,,,,,,,,3.0,,,,,,,,,,,,3.0,,,2.5,,,,,,,,3.0,,,,3.5,,,,,,,,,,,3.0,1.0,,,,,,2.0,,3.0,,,,3.0,,,,,3.0,,,3.0,,,2.5,3.0,,,,2.5,3.0,2.5,3.0
"Beautiful Mind, A",,,,,,4.5,4.0,,,,,,3.5,,,,,,1.0,,,,,,,,,4.5,,4.5,,,,4.0,,,,,,,3.5,,,3.0,,,,,,,,5.0,3.0,,,,,,2.5,,,,,,,,5.0,,,,,,,5.0,3.0,,,,,,,,,3.5,,,,,5.0,,,,,,,,,3.5,4.0,3.5,,,,,4.5,,,,,,4.5,4.0,,,,,,,,,,3.5,4.0,,,,,,,4.0,,,,,,,,4.0,,,,,,,,4.0,,4.0,,,3.0,,4.5,
Beauty and the Beast,,,,5.0,5.0,3.5,,,,,,,,,,,,,,,,5.0,,,,5.0,,,,,,5.0,,3.0,,,,4.0,,,,,3.0,,,,,3.0,,3.0,,4.0,5.0,,,,,5.0,3.5,,,,5.0,,,,,,,,,,,,4.0,4.5,,,,,,,,3.5,,,,,,,,,,3.0,,4.0,,,4.0,,,,,,,,4.0,,,,4.0,,,,,,,3.0,,,,5.0,3.0,,,,4.0,,3.5,,,5.0,,,3.0,5.0,,,,,,,,,,4.5,5.0,3.5,5.0,,3.5,,2.5,
Being John Malkovich,4.0,,,,,,,,,,4.0,,,,,,,,,5.0,,4.0,,,,,,,,,,,,,,4.0,,,,,,,5.0,,,,4.5,,,,,,,,,,,3.0,3.5,,,,,,,,,4.5,,,,,,4.5,4.0,,,,,,,,2.0,4.0,,,,,,,,,,,,,,4.0,,,,,,4.0,,,4.0,4.0,,,,,,,,,2.5,,,,,3.5,4.0,,,,5.0,,,4.0,,,,,,,,,,5.0,,,4.0,,,,,,,,,,2.0,
"Big Lebowski, The",5.0,,,,,,,,,5.0,3.0,,,,,,,,,,,5.0,,,3.5,,,4.5,,,,,,,,4.0,4.0,,,,3.5,,,,,,,,,,,,,,,,,,,,,,,,,,,,,,5.0,,,4.0,5.0,,,,,,,,3.0,4.0,,0.5,,,5.0,,,,,,,,,5.0,,5.0,,,3.0,1.0,,,5.0,,,,,4.5,,,,,,,,,,3.5,3.5,,,,,,3.5,3.5,,,,,,,,,3.5,4.0,4.0,,,,,4.0,,,,,,4.0,4.0,4.5
Blade Runner,,,,,,,,,4.5,3.5,4.0,3.5,5.0,,,,,,,,,3.0,,,4.0,,,,,,5.0,,4.0,,,,,,,,,,5.0,,,,,,,,,,4.0,,,,,,,,,,,,,,,,,4.0,5.0,,,,4.0,3.5,,,,,,,,3.5,,,,,5.0,,,,5.0,,,,,4.5,,,,,,3.5,5.0,,5.0,,3.5,,,5.0,,5.0,,,,,,,,3.0,4.0,,,,,,,5.0,5.0,,,,,,,5.0,,4.0,,,,,,4.5,,,,,4.0,4.0,3.5,5.0
"Bourne Identity, The",,,,,,,,,,,,4.0,3.5,,,,,,,,,5.0,,,,,,,,,5.0,,,0.5,,,3.5,,,,,,,,,4.0,,,,,,4.0,,,4.0,,,,,,,,,,,,,,,,,,,4.25,3.5,4.5,,,,,,,3.0,,,,,,,,4.0,,,,,,,3.5,,,,,,,5.0,,4.0,,,,4.5,4.0,,,,,,,,4.0,,3.5,2.0,,,,,,,,,,,,,,4.5,,4.0,,,3.5,,,,3.5,,,,,3.5,,4.5,4.0
Braveheart,4.0,,,4.0,5.0,,,5.0,,4.5,,,,,,,,0.5,,,,5.0,,,,5.0,,4.5,,,,1.0,3.5,,3.5,4.0,3.5,,,,,,4.0,,,4.0,,4.0,,3.0,,,,,3.5,,4.0,,3.5,,,,4.0,,,,,,,3.0,5.0,,,,5.0,2.5,,5.0,,,,,5.0,,,,,5.0,,,4.5,,,,,3.0,,,4.0,4.0,,,4.0,,3.5,,4.0,,,,4.0,4.5,,,,,,4.0,5.0,,,3.0,5.0,3.0,5.0,,,,,,3.0,,,,5.0,,3.5,,,5.0,,5.0,,5.0,,4.0,5.0,3.0,5.0,,,5.0,4.0,4.5
"Breakfast Club, The",,,,,,,,,,,2.0,,,,,,,,,5.0,,4.0,2.5,,2.5,,,,,4.0,4.5,,,,,4.0,4.0,,,,,,,,,,,,,,,,,,,,,2.0,,5.0,,,,,,,,,,,2.0,,,4.0,3.0,3.0,,,,,,,,3.5,,,,,,,,,,,,,,3.5,4.0,,,5.0,3.0,4.0,,,,,,,,,,,,,,,,,,3.5,3.5,,,,4.0,,,,,5.0,,,,,,,,5.0,,,,,,,,1.5,,,3.5,5.0,4.0,4.0
"Bug's Life, A",,,,,,,,,,,3.0,3.0,,,,,,,,,,5.0,,,,,,,,,,4.0,,4.0,,,4.0,,,,0.5,,,,,,,,,,,3.0,,,,,,,,,,,,,,,,,,,3.0,,,4.0,3.0,3.0,,,,,,,,3.5,,,,,3.5,4.0,,,,,,,,,3.0,,,5.0,,,,,5.0,,,,,,,,,,,,3.0,,,4.0,3.0,,,,5.0,,3.0,,,5.0,,,,,,,,,,,,,,,,2.5,,,,,4.0,3.5
Casablanca,,,,,,,4.0,,3.5,,,,,,,5.0,5.0,,,,,,,,,,,,,,,,,,,4.0,,,,,,,,,,,4.5,,,,,,,,,,,,,,,,,,,,,,,,,,,3.5,4.0,,,,,,,,,,,,,,,,,,5.0,,,,,5.0,,,,5.0,,,4.0,,,4.0,,,5.0,,,,,,,,,,,5.0,,,,,,,3.0,,3.0,4.0,,,,,,,,,,,,,,5.0,,5.0,,,,,,3.5
Cast Away,,,,,,,,,,,,,,,,,,,,,,5.0,3.0,,,,,,,,,,,,,4.0,3.5,,,,,,,,,,,,,,,,,,,,,,,,,,,,,,4.0,,,,,,,4.0,3.5,4.0,,,,,,,4.0,,,,,,5.0,,3.0,,,,,,,,4.0,,,3.0,,,,,4.0,,,,3.5,3.0,,,,,,,,4.5,,3.5,4.5,,,,,,,3.5,,,,,,,,,,,,,,,,3.5,,,,,3.0,,3.0,3.5
Catch Me If You Can,,,,,,4.0,,,,,,3.5,,,,,,,,,,5.0,2.0,,,,,4.5,,,,,,4.0,,,3.0,,,,,,,,,4.0,,,,,,,,,,,,,,,,,,,,,4.5,,5.0,,,,,5.0,3.5,2.0,,,,,,,5.0,4.0,,,,,5.0,,4.0,,,,,,,3.5,4.5,3.5,,,,3.5,4.5,,4.0,,,,4.0,3.5,,,,,,,,3.5,,4.0,5.0,,,,,,,,,,,,,5.0,4.0,,5.0,,,,,,,3.5,,2.0,,,3.0,,4.0,3.5
Clear and Present Danger,4.0,,,3.0,5.0,,,5.0,,,,,,,,,,,,,,,,,,3.0,,,,,,,,,,2.0,,,,,,,,,,,,,,,,,,,,,,,,,,,3.0,,,,,,,,,,,,3.0,4.0,,,,,,,,,,,,,,,,,,5.0,,4.0,,3.5,,,,,4.0,,4.0,,,,,,,3.5,,,,,,4.0,,,,3.0,3.0,5.0,,,,,,,5.0,,,,5.0,,,,,,,,,4.0,,3.5,4.0,,,,,3.0,,
Clerks,3.0,,,,,,,,,,3.0,,,,,,,,,,,5.0,,,,3.0,,,,,,,,,1.5,5.0,,,,,,,,,,,,,,,,4.0,,,,,,,,,5.0,,4.0,,,,,,,,4.0,,,,,,,,,,,,4.0,4.5,,,,,,5.0,,,,,,5.0,,3.5,3.5,,,,,4.5,,,4.0,,,,,,,,,,,,5.0,,,3.5,1.5,,,,,,,,,,,,,,,,,,4.5,,,5.0,,,,,4.0,,,3.0,2.5,
Cliffhanger,,,,,4.0,,,3.0,,,3.0,,,,,,,,,,,,,,,,,,,,,,,,0.5,,,3.0,,,,,3.0,,,,,,,,,,,,,,,,,,,,3.0,,,,,,,,,,,,,3.0,,,,,,,,,,,,,,,,,,3.0,,3.0,,,,,,,3.0,,,,3.0,,,,,2.5,,,,,,3.0,,,,,2.5,4.0,,,,,,,,,,,3.0,,,3.0,,,,,,3.0,,,3.0,,,,,2.0,,
"Clockwork Orange, A",5.0,,,,,,,,,5.0,,,,,,,,,,,,,,,4.0,,,,,,5.0,3.0,,1.5,,5.0,,,,,2.5,,,,,,,,,,,,,5.0,,4.0,,,,,,,,,,,,2.0,,,5.0,,,,4.0,,,,,,,,,3.5,,0.5,,,5.0,,,,,,,,,4.0,4.0,5.0,,,,,,,,4.0,4.0,,4.0,4.5,,,,,,,,,,3.5,4.0,,,4.0,,,,,,3.0,,,,,,,,4.0,,,,,,3.0,,,,,,5.0,3.5,
Clueless,,,,3.0,,,,,,,,,,,,,3.0,,,,,3.0,,,,5.0,,,,,4.0,4.0,,4.0,0.5,,,,,,,,,,,,,,,,,,,,,,,3.0,,5.0,,,3.0,,,,,,,,2.0,,,,,,,,,,,,,,,,,,,,,,,,,1.0,,,4.5,,,4.0,,3.5,,,,,,,,3.0,,,,,,,,,,3.5,2.5,,,,1.0,,4.0,,,,,,,,,,,4.0,,,,,,,4.0,,4.5,,4.0,4.0,3.0,
Crimson Tide,,,,,3.0,,,,,,2.0,,,,,,,,,,,,,,,4.0,,,,,,,,,1.5,5.0,,4.0,,,,,,,,,,4.0,,,,,,,,,,,,,,,3.0,,,,,,,,,,,,3.0,4.0,,,,,,,,,,,,,,,,,,4.0,,5.0,,,,,,,4.0,,5.0,,,,,,,,,,,,,4.0,,,,3.5,3.5,5.0,,,,,,,5.0,,,,5.0,,,2.5,,,,4.5,,4.0,3.0,4.0,4.0,,,,,,,
"Crouching Tiger, Hidden Dragon (Wo hu cang long)",,,,,,,,,,,,,4.5,,,,,5.0,,,,5.0,,,,,,,,,,,,,,5.0,,,,,,,5.0,,,4.0,,,,,,,,,,,,4.0,,,,,,,,,,,,,,,,,,,,,,,,,,,,,,,3.0,,3.0,,,,,,,3.5,,,,,,,,,3.0,,,,,4.5,,,,,,,,,,4.0,4.0,,,,,,3.5,3.5,,,,,,,,,,,,,,,,3.5,,4.5,,,4.0,,4.0,5.0
Dances with Wolves,4.0,,,5.0,5.0,,,,,4.5,,,,,,,,,,,,4.0,3.5,,,3.0,,,,,,,,,,,,4.0,,,,,,,,,,4.0,3.5,,,,,,,,,,3.0,,,,4.0,,,,,,,3.0,,,,,5.0,3.0,,,,,,,,3.5,,,,,,,,,4.0,4.0,,4.0,,,3.5,,,,,,3.5,,,,,,4.5,,,,,,,4.0,,,,3.5,5.0,5.0,,,,,,,,5.0,,,5.0,,,,,,,,5.0,3.0,5.0,3.0,4.0,,,,,,3.0,
"Dark Knight, The",,4.5,,,,,4.5,,4.5,4.5,,3.5,3.0,5.0,,,,,,,,,,,3.0,,5.0,5.0,4.5,,,,,4.0,5.0,,5.0,,,,,,,,,,,,,,,,,,5.0,4.0,,,4.5,,,5.0,,,,,,,5.0,,,,,5.0,4.5,4.0,,,,,,,4.0,4.0,3.5,,,,3.0,,,,4.5,,,,,5.0,4.5,,,,,,,,5.0,,,,4.0,5.0,5.0,,5.0,,,,,3.0,,,,,,4.0,,,3.5,,,,,,,,,,,,4.0,4.5,,,,4.5,,,,,4.0,,,4.5
"Departed, The",,4.0,,,,1.0,,,,4.0,,,2.5,,4.5,,,,,,,,,,,,,4.5,,,,,,4.5,,,3.0,,,,,,,,,,,,,,,,,,,,,,4.0,,,,,,,,,,,,,,,4.5,,,,,,,,,5.0,,4.5,,,,4.5,,,,,,,,,4.0,4.0,4.0,,,,,4.5,,,,,,2.5,5.0,5.0,,,,,,,,,4.0,4.5,,,,,,,,,,,,,,,,5.0,,4.5,,,,,4.0,,,,,,,,5.0
Die Hard,,,,,,,,,,4.0,,3.5,,,,5.0,5.0,2.5,,4.0,,3.0,,,3.5,,,,3.0,,5.0,,,2.0,,5.0,,,,,,,2.0,,,,,,,,,,,,4.5,,,,,,,5.0,,,,,,,,,4.0,,,,3.0,4.0,,,,,,,,4.0,,,,,,,,,,,,,,3.0,,,,,4.0,,,,5.0,,,,2.0,4.5,,,4.0,,,,,,,3.0,3.5,,5.0,,,,,,,,,,,5.0,4.5,,,4.0,,,,,,4.0,,,5.0,,4.0,4.0,3.0,5.0
Die Hard: With a Vengeance,,,,,3.0,4.0,,3.0,,,3.0,3.5,,,4.0,4.0,,,,,,5.0,,,3.0,4.0,,,,,,,,,,1.0,,3.0,,,,,3.0,,,,,,,,,,,,,,,,,,,,,,,,,,,,,,,,,3.5,,,,,,,,3.5,,,,,,,,,,4.0,,5.0,,,,,,,2.0,,3.5,,5.0,,,,2.0,,,,,,,3.0,,,,,3.0,5.0,,,,,,,3.0,,,,3.0,5.0,,,4.5,,,,,4.0,,3.0,3.0,,4.5,,,,,
Donnie Darko,,,,,,,,,3.5,,,,1.5,,,,,,,,,,0.5,,,,,4.0,,,4.0,,,4.0,,,,,,,4.5,,,,,,,,,,,4.0,,4.0,,5.0,,,,,,,,,,,,4.0,5.0,,,,,,,,,,,,,,,3.0,,,,,4.5,,2.0,,,,,,,5.0,5.0,,,,,4.0,,,4.0,,4.0,,,5.0,,4.5,,,3.5,,,,,4.5,5.0,,,,,,4.0,,,,,,,,,5.0,,,3.0,,,,,3.0,,,,,5.0,,4.5,5.0
Dr. Strangelove or: How I Learned to Stop Worrying and Love the Bomb,,,,,,4.0,,,4.5,4.5,,,,,4.5,,,,,,,,,,4.0,,,,,,,,,,,,,,,,,,,,,,5.0,,,,,,4.0,,,,,,,,,,,,,,,4.0,,,,,,4.0,3.5,,,,,,,,5.0,4.0,,3.0,,,5.0,,,,4.5,,,,,,,,,,,,4.0,,5.0,5.0,4.0,,,4.0,,,,,,,,,,4.5,,,,4.0,,,,5.0,,,,,,,,4.0,,,,,,,,4.5,,,,,,,4.0,4.5
Dumb & Dumber (Dumb and Dumber),5.0,,,,3.0,,,,,,2.0,,,4.0,,,,,,,,5.0,,,,5.0,,,,,,,,,,2.0,3.0,3.0,,,,,,,,,,,,,,,,,,,,,,,5.0,,,,,,,,,,,,,1.0,3.0,2.0,,,,,,,,,5.0,,,,,,,,,2.0,,4.0,,,,,,,,,,,4.0,,,,,4.0,,,,,,,,,,,3.0,1.0,,,1.0,,2.5,,,,,,,5.0,,,3.5,4.0,,,,2.0,4.0,2.0,3.0,2.5,,,,,3.0,4.0
E.T. the Extra-Terrestrial,5.0,,,,,,,,,,5.0,,,,,,,,,4.0,,5.0,4.0,,,,,4.5,,4.5,,,,,,4.0,,,,,,,3.0,,,,,,,,,,3.0,,,,,,,,,,,,,,,,,3.0,2.0,,,,5.0,4.5,2.0,,,5.0,,,,3.5,,,,,3.5,,,,,,,,,,3.5,,,5.0,,,3.5,,4.0,,,,3.0,,,,,,,,,,,4.0,5.0,,,,,,,,2.0,5.0,,,,,,,,5.0,,4.0,,,4.0,4.5,,,,,4.0,5.0,2.5,4.5
Eternal Sunshine of the Spotless Mind,,,,,,,,,3.5,,,,3.5,,,,,,,,,,,,,,,4.5,,4.5,5.0,2.5,,3.5,,,,,,,5.0,,,,,,,,,,,,,,,4.5,,,3.0,,,,,,,,5.0,3.5,5.0,,,,,,4.5,,,,5.0,,,4.0,4.0,4.5,,,,,4.5,,,,,,,,,5.0,5.0,,,,,4.0,2.5,,,,4.0,,,4.0,4.0,4.0,,,3.5,,,,,4.5,4.5,,,5.0,,,,,,,,,,5.0,,4.0,5.0,,,,,,,,,,,,3.5,,4.5,5.0
Fargo,5.0,,,3.0,3.0,,,,4.5,,,,,,,,5.0,,,5.0,,,,,4.0,,,,,,4.5,4.0,4.5,,,4.0,,,4.0,,,,5.0,,,,5.0,,,,,,,,,,,,3.0,,,,,,,5.0,,5.0,,4.0,5.0,,,,4.0,2.0,3.0,,,,,,5.0,4.0,,,,,5.0,,,,5.0,,3.0,,,,4.0,5.0,,,4.0,2.0,,,4.0,,,,,5.0,,,,,,,,,,4.0,4.0,,,4.5,,,,,,,,,3.0,,,,3.5,5.0,,,,,,4.0,,4.5,,,,,3.0,4.5
Ferris Bueller's Day Off,,,,,,,,,,,5.0,,,,,,,,,,,5.0,,,,,,,,3.5,,,,3.5,,,,,,,,,2.0,,,,,,,,,,,,,,,2.0,,5.0,,,,,,,,,,,2.0,,,4.5,3.5,3.0,,,,,,,,,,,,,,,,,,,,,,5.0,4.0,,,5.0,,3.5,,,4.0,,,,,3.5,,,,,,,,,,4.0,4.0,,,,,,,4.0,,4.0,,,,,,,,4.0,,,4.0,,,4.0,,,,,3.0,5.0,4.0,3.5
"Fifth Element, The",,,,,,,,,,,5.0,2.5,,,,,,4.5,,2.0,,4.0,,4.0,,,,,,,5.0,,,,,,3.5,,,,,,3.0,,,,,,,,,,4.0,,3.0,,,,,,,,,,,,,,,4.0,3.0,4.0,,,4.0,,,,,3.5,,,,4.0,,,,,2.5,,,,,,,,,5.0,,,,,3.0,,2.0,,4.0,,3.5,,2.5,5.0,,,,,,,,,,,3.5,,,,,,,3.5,,,,,,,2.5,,,3.0,,,,,,3.0,,,3.0,,3.5,4.0,4.0,4.5
Fight Club,5.0,,,,,,0.5,,3.5,4.5,5.0,2.0,3.5,,,,,4.0,,,,5.0,2.0,,3.0,,,5.0,4.5,,,,4.5,5.0,,5.0,5.0,,,,0.5,,4.5,,,,,,,,4.5,,,3.0,,5.0,,,,,,,,,,,,4.0,,,5.0,,,4.5,3.5,2.0,,5.0,4.5,,,,5.0,,,,,,4.0,4.0,,,5.0,,,,,5.0,4.5,4.5,,,,4.5,,,4.0,,4.0,,3.5,5.0,5.0,,4.5,,,,5.0,4.0,4.0,4.0,4.5,,,4.0,,,,,,,,,,5.0,4.5,4.5,5.0,4.0,5.0,,,,,3.5,,4.0,,,4.0,,5.0,5.0
Finding Nemo,,,,,,,3.5,,,,,,3.5,,,,,,,,,5.0,,,3.0,,,,,,,4.0,,4.0,,,4.5,,,,1.0,,,,,,,,,,,,,,,,,,3.5,,,,,,5.0,,,,,,,,,5.0,3.5,3.5,,,,,,,,,,,,,4.0,,,,,,,,,,4.5,4.0,,,,3.5,,,4.0,,,,3.5,4.0,,,,,,,,3.5,4.0,4.0,3.0,,,,,,3.5,,,,,5.0,,5.0,4.0,4.5,,,,,,,,3.5,,3.0,,,4.0,,4.0,4.0
"Firm, The",,,,,4.0,,,,,,,,,,,,,,,,,,,,,3.0,,,,,,,,,4.0,,,,,,,,,,,,,3.0,,,,,,,,,,,,,,,3.0,,,,,,,,,,,,,,,,,,,,,,,,,5.0,4.5,,,,,,,4.0,,3.0,,,,,4.0,,4.0,,,,,,,,,,,,,3.0,,,,4.0,2.5,,,,,,,,3.0,5.0,,,4.0,,,,,,,,,3.0,4.0,,3.0,,,,,,,
Forrest Gump,4.0,,,,5.0,5.0,3.5,5.0,3.5,5.0,2.0,4.5,5.0,,4.5,,,4.0,,,,5.0,4.5,,3.0,4.0,,5.0,,4.0,,4.0,,5.0,3.5,,4.0,,,,3.5,,3.0,,,,4.0,4.0,,5.0,,,,3.0,,,,,,5.0,,,5.0,,,,,,5.0,,4.0,,,4.5,5.0,4.5,,5.0,4.0,,,,5.0,4.5,5.0,,,,4.0,,5.0,,,5.0,,,,4.0,3.5,4.5,,5.0,4.0,,3.5,,5.0,,4.0,,4.5,4.5,,,,,,5.0,,5.0,3.0,3.0,5.0,5.0,,,4.0,,,3.5,,,,,5.0,3.0,4.5,4.0,,5.0,,,4.0,3.0,5.0,5.0,5.0,4.0,,,3.5,5.0,3.0,3.0
Four Weddings and a Funeral,,,,2.0,3.0,,,,,,4.0,,,,,,3.0,0.5,,,,4.0,,,,3.0,,,,,,5.0,,,0.5,,,,,,,,,,,,,,,5.0,,,,,,,,,,,,,4.0,,,,,,,,,,,,,,,,,,,,,4.0,,,,,,,,,,4.0,,,,,4.0,,,2.0,,,,,,4.0,,,,,,,,,,4.0,,,,3.0,3.0,,,,,,,,,,,,4.0,,,,,4.0,,,3.0,,4.0,,,2.0,,,,5.0,3.0,
"Fugitive, The",5.0,,,4.0,5.0,,,5.0,,,4.0,,,,,,,,,4.0,,4.0,,,,5.0,,,,,,,,,,4.0,,,,,,,2.0,,,,,3.0,,,,,,,3.5,,3.0,,3.0,,,,4.0,,,,,,,,4.0,,,,3.0,4.0,,,,,,,3.0,,,,,,4.0,,,,,,,5.0,,4.5,,,,,3.0,,4.0,,4.0,,,,,,,,,,,4.0,,,,5.0,3.5,4.0,,,,,,,5.0,,,,5.0,,,,,4.0,,4.5,,5.0,,4.0,5.0,,4.5,,3.5,5.0,3.0,4.5
Full Metal Jacket,5.0,,,,,,,,4.5,4.5,,,,,4.0,,,,2.5,,,,,,,,,,,,,,4.0,,,,,,,,,,4.0,,,,4.5,,,,,,,,,5.0,,,,,,,,,,,,,4.0,,5.0,,,4.0,3.0,,,,,,,,3.0,4.0,,,,,,,,,,,,,,4.5,,4.5,,,4.0,,,,5.0,,,,,5.0,,,,,,,,,,4.0,3.5,,,,,4.5,,,,,,,,,,4.0,,4.0,4.0,,,,,,,,,,,5.0,3.0,4.5
Ghost,,,,,5.0,2.0,,,,,3.0,,,,,,,,,,,2.0,4.0,,,4.0,,,,,,,,,,4.0,,,,,,,3.0,,,,,4.0,,3.0,,,,,,,,,,,3.0,,,,,,,,,,,,,3.5,3.0,3.5,,,,,,,,,,,,,,,,,,3.0,,,,,3.5,,,4.0,3.0,,4.0,,3.0,,,,4.5,3.0,,,,,,5.0,,,,3.0,3.5,,,,,,,,4.0,,,,,,,,,5.0,,4.0,5.0,,5.0,,4.0,,5.0,,,4.0,2.5,
Ghostbusters (a.k.a. Ghost Busters),5.0,,,,,,,,,,4.0,3.5,,,,,,,,,,4.0,,,,,,,,,,,,,,,3.5,,,,,,4.0,,,,,,,,,,3.0,,,,,3.0,3.5,4.0,4.0,,,,,,,,,,5.0,,,4.5,3.0,4.0,,,,,,,,,,,,,2.5,,,,,,,,,5.0,4.0,,,5.0,,3.5,4.5,,5.0,,3.5,,,5.0,,,5.0,,,,,,,4.5,4.0,,,,,,,4.0,,4.0,,,,,,3.5,,,,,5.0,,,4.0,,,4.0,,,5.0,3.0,5.0
Gladiator,5.0,4.0,,,,1.5,4.0,,,,3.0,2.5,4.0,5.0,5.0,,,,,,,5.0,,,,,,4.5,,,,,,,,2.0,5.0,,,,,,5.0,,,,,,4.0,,,,4.0,,5.0,,,4.0,,,,,,,,,,2.0,,,,,,4.0,2.0,3.5,,,,,,,3.0,,,,4.0,,5.0,,,,,,,,,4.0,4.5,4.0,,,3.0,,,,4.0,,,,4.5,3.5,4.5,,,,,,5.0,4.0,,3.0,4.5,,5.0,,,,3.0,,,,,,,,,,,,,5.0,,,,4.5,,5.0,4.5,,3.0,,4.25,5.0
"Godfather, The",,,,,,,,,2.5,5.0,,2.5,3.0,,4.5,,,,,4.0,,5.0,,,4.0,,5.0,5.0,,5.0,,1.5,,,,4.0,2.5,,,,1.0,,5.0,,,3.0,5.0,,,,,,,4.5,,4.0,,,,4.0,,4.0,,,,,,,,,,,,5.0,,4.0,,,,,,,5.0,,3.5,2.0,,,4.5,,,,5.0,,3.0,,,,5.0,5.0,5.0,5.0,5.0,,4.0,,4.0,,,,4.0,5.0,5.0,,,,,,,,,5.0,5.0,,5.0,4.0,,,,2.0,,,,,,,,,5.0,,5.0,3.0,,,,5.0,,5.0,4.0,,3.5,5.0,5.0,5.0
"Godfather: Part II, The",,,,,,,,,,4.5,,2.5,,,,,,,,5.0,,4.0,,,,,,5.0,,,5.0,,,,,,,,,,,,5.0,,,3.0,5.0,,,,,,,,,,,,,,,,,,,,,,,,,,,5.0,,4.0,,,,,,,,,4.0,,,,4.5,,,,5.0,,,,,,5.0,5.0,,4.0,4.0,,4.5,,5.0,,,,4.0,,5.0,,,,,,,,,5.0,5.0,,5.0,,,,,,,,,,,,,,5.0,,,3.0,,,,5.0,,4.0,,,3.0,5.0,4.5,5.0
GoldenEye,,,,,3.0,,,3.0,,,2.0,5.0,,,,4.0,,5.0,,,,,,,,,,,,,,3.0,,,,,,,,,,,1.0,,,,,3.0,,3.0,,,4.0,,,,2.0,,,,,,2.0,,,,,,,,,,,3.5,3.0,3.5,,,,,,,,,,,,,,,,,,4.0,,3.0,,,,,,,3.0,,4.5,,5.0,,,,,3.5,,,4.5,,,,,,,,4.0,4.0,,,,,,4.0,4.0,,,,4.0,,,,,,,,,3.0,,3.5,3.0,,,,,3.0,4.0,
Good Will Hunting,,4.5,,,,,,4.0,3.5,,,3.5,,,,,,,3.0,,,5.0,,,,,,5.0,,4.5,,,,4.0,,,3.5,,,,4.0,,,,4.0,,,,,,,,,,,,,,3.5,,,2.0,,,,,,,,,,,,4.5,3.5,,,5.0,3.0,,,,5.0,,,,,,,,,,,,,,,4.5,5.0,,,5.0,,,,,,,,,4.5,4.5,,,,,,,,,,3.5,5.0,,,3.0,,,3.5,,,,,,,,4.5,4.0,4.0,,,5.0,,,,,,3.0,,,4.0,5.0,4.5,
Goodfellas,5.0,,,,,,,,3.5,4.5,,,,,4.0,,,,,4.0,,5.0,,,,,,,,,,,,,,4.0,,,,,,,4.0,,,,5.0,,,,4.5,,,,,,,,,,,,,,,,,,,,5.0,,,4.5,4.0,,,,,,,,4.0,,4.5,,,,4.5,,,,4.5,,,,,,5.0,4.0,,,4.0,,,,5.0,,,,,4.5,,,,,,,,,,3.5,4.0,,,,,,,,,,,,,,,,5.0,5.0,5.0,,,,,4.0,,,,,,,4.5,5.0
"Green Mile, The",5.0,,,,,,,,,4.5,,,,,,,,,,,,5.0,5.0,,,,,5.0,4.5,2.5,,,,,5.0,,3.5,,,,,,4.0,,,,,,,,,,,,,,,,,,,,,,,,,,,,,4.5,,4.0,3.0,4.5,,,,,,,4.0,4.0,,,,,5.0,,5.0,,,,,,,4.0,4.0,4.0,,,4.0,,,,,,4.5,,4.0,4.5,,,,,,,,,,4.0,4.5,,,,,,,4.0,,5.0,,,,,4.0,,,5.0,,4.0,,,,4.5,,,,,3.5,,4.0,2.5
Groundhog Day,4.0,,,,,,,,,,4.0,3.5,,,,2.0,,,,,,3.0,2.0,,,,,4.0,,,,4.0,,,,5.0,3.5,,,5.0,,,2.0,,,,,,,,,,5.0,,,,,4.0,3.5,5.0,,,,,,,,,,,4.0,,,4.5,4.5,,,,,,,,,4.0,,,,,5.0,,5.0,,,,,,,4.0,4.5,,,4.0,,,4.0,,5.0,,,,,5.0,,,,,,,,,,3.0,3.0,,,,3.0,,3.0,5.0,,,,3.5,,5.0,,,,4.0,,4.5,,,,4.0,,2.5,,,3.0,5.0,3.5,4.5
Happy Gilmore,,,,,4.0,,,,,,2.0,,,,,,,,,,4.0,5.0,,,,,,,,,,,,3.5,4.0,,3.5,,,5.0,,,,,,,,,,,,,,,3.5,,,2.0,,,5.0,,,,,,,,,,,,4.0,,,,,,,,,,,,5.0,,,5.0,,,,,,,,,,3.0,,,,,,,,,3.0,,,,,,,,3.5,,,,,,,2.0,3.0,,,,4.0,,,,,,3.0,,,,,3.0,,5.0,,,,,,3.5,,,,,,5.0,3.0,
Harry Potter and the Chamber of Secrets,,,,,,4.5,,,,,,4.0,0.5,,,,,,,,,,,,2.5,,,4.5,,,3.0,4.5,,4.0,,,,,,,,,,,,,,,,,,,,,,,,,,,,,,,,,,,,,,,,,3.0,3.5,,,,,,,,3.0,,,,,2.5,,,,,,,,,,4.0,,,,,,,,3.0,,,,,,,,,,,,,5.0,,4.5,3.5,,,,,,3.5,,,,,,,,4.0,3.5,,,,,,,,3.5,,2.0,,,,,3.0,4.0
Harry Potter and the Prisoner of Azkaban,,,,,,2.5,,,,,,4.0,,,,,,,,,,,,,3.0,,,4.5,,,,4.0,,4.0,,,4.0,,,,,,,,,,,,,,,,,,,,,,3.5,,,,,,,,,,,,,,,,3.5,4.0,,,,,,,,3.0,,,,,2.5,,,,,,,,,,4.5,,,,,,,,3.0,,,,,,,,,,,,,4.5,,5.0,4.5,,,,,,3.5,,,,,,,,4.0,,,,,5.0,,,,4.0,,3.5,,,,,4.0,4.5
Harry Potter and the Sorcerer's Stone (a.k.a. Harry Potter and the Philosopher's Stone),,,,,,4.0,,,,,,4.0,,,,,,,,,,4.0,,,2.5,,,4.5,,,,4.5,,4.0,,4.0,3.0,,,,3.0,,,,,,,,,,,,4.0,,,,,,4.0,,,,,,,,,,,,,,,,3.5,4.0,,,,,,,,3.0,,,,,2.5,,,,,,,,,,3.5,,,,,,4.5,,3.0,,,,,2.5,,,,,,,,5.0,,4.5,3.5,,,,,,3.5,,,5.0,,,,,,3.5,,,,,,,,3.5,,2.0,,,3.5,,3.0,4.0
Heat,4.0,,,,4.0,,,5.0,,,,,,,,,3.0,,,,3.0,4.0,,,,,,4.5,,,,,,,4.5,,,,4.0,,,,2.0,,,,,,,,,,,,,,,,,,,,,,,,,,,,4.0,,,4.0,,,,,,,,,5.0,4.0,,,,5.0,4.0,,,,,,,4.0,,,,4.0,,,4.0,,,,5.0,,,,,4.0,,,,,,,,,,3.0,4.0,,,,,,,,4.0,,,,,,,,5.0,,,,,5.0,,3.5,3.0,,,,,3.0,,5.0
Home Alone,,,,,,,,,,,3.0,2.5,,,,,,,,,,3.0,,,,,,4.0,,,,3.0,,,,,,,,,2.5,,,,,,,3.0,,3.0,,,,,,,,,,,,,3.0,,,,,,,,,,,,3.0,4.0,,,,,,,,,,,,,,,5.0,,,3.0,,,,,4.0,,,,,,2.0,,4.0,,,,,3.0,,,,,,,,,,2.0,4.0,,,,,,1.0,4.0,3.0,,,,1.0,,,,,4.0,,,,,3.0,3.0,4.0,,5.0,,,,1.0,
Inception,,4.0,,,,,,,3.0,4.5,,3.5,,5.0,,,,,,,,,,,2.5,,,5.0,4.5,,,,,4.5,4.5,,,,,,,,,,,,,,,,,,,,,,,,,,,,,,3.5,,,,4.5,,,,,4.5,,3.0,,5.0,4.0,,,,4.0,4.0,,,,,5.0,,,,5.0,,,,,,4.0,4.0,,,,,4.0,,5.0,,,,4.5,,4.5,,,,,,,4.0,4.0,,,,,2.0,,,3.5,,,,,,,,4.0,,,,4.0,,,,,,,,,,4.0,,,4.0
"Incredibles, The",,,,,,4.0,2.5,,,,,3.5,4.0,,,,,,,,,,,,3.0,,,4.5,,,,4.0,,1.0,,,4.5,,,,,,,,,,,,,,,,,,,,,,4.5,,,,,,4.5,,,,,,,,,5.0,4.0,3.5,,,,,,,2.0,,,,,,4.0,,,,,,,,,,4.0,4.0,,,,4.0,3.5,,4.0,,,,,4.5,,,,,,,,3.5,3.5,4.0,3.5,,,,,,4.0,4.0,,,,4.5,,,,,,,,,,,,4.0,,3.0,,,4.0,,4.0,5.0
Independence Day (a.k.a. ID4),3.0,,,,5.0,4.5,,4.0,,4.0,,3.5,,,4.0,4.0,3.0,3.0,,,3.0,3.0,,3.5,,5.0,,,,,,4.0,,,5.0,3.0,3.0,,4.0,3.0,0.5,,1.0,,,,,,,,,,4.0,,,,,,3.5,,,,5.0,,,,4.5,,,4.0,,,4.0,3.5,1.0,4.5,,,,,,,,4.0,,,,5.0,,,,,,,,,,,4.0,,5.0,,2.0,,4.0,,4.0,,,,1.5,2.5,,,,,,,,,,4.0,3.0,,,,,,,,3.0,4.0,4.0,,,,,3.0,,4.0,,,,,5.0,4.0,5.0,2.5,4.5,4.0,,1.0,3.0,3.5
Indiana Jones and the Last Crusade,5.0,,,,,,,,,4.0,5.0,4.0,,,,,,,,5.0,,5.0,,,3.0,,,4.5,,,3.5,,,,,4.0,2.5,,,,,,3.0,,,5.0,,,,,,,4.0,,,,,,,,,4.0,,,,,,,,,5.0,,,,5.0,4.5,,,,,,,,,,,,,4.0,,,,,,,,,4.5,3.5,,,,2.0,4.0,4.0,,5.0,,,,,4.5,,,,,,,,,,4.0,5.0,,5.0,,,,,4.0,5.0,4.0,,,,,3.0,,,,,4.0,,,,4.0,,,,,3.5,5.0,4.0,4.5
Indiana Jones and the Temple of Doom,5.0,,,,,,,,,,3.0,4.0,,,,,,,,,,4.5,,5.0,,,,4.5,,,4.5,,,,,4.0,,,,,,,3.0,,,,,,,,,,4.0,,,,,,,,,,,,,,,,,,4.0,,,4.0,3.5,4.0,,,,,,,,,,,,,,,,,,,,,,3.5,4.0,,,,2.0,4.0,4.5,,5.0,,,,,4.5,,,,,,,,,,2.0,5.0,,,,,,,3.0,,5.0,,,,,,3.5,,4.0,,,,,,3.5,,,,,,3.0,3.0,
Interview with the Vampire: The Vampire Chronicles,,,,3.0,3.0,,,,,,3.0,,4.0,,,,,,,,,,,,,2.0,,,,,,,,,4.5,,,,,,,,3.0,,,,,,,3.0,,,,,,,,,,,,,,,,,,,,3.0,,,,,4.0,1.5,,,,,,3.5,,,,,,,,,,,,3.0,,3.0,,,4.0,,,,,3.5,,,,,,,4.5,,,,,,,3.0,,,,,3.5,1.0,,,,,,4.0,3.0,,,,4.0,,,,,,,,,2.0,,,4.0,,0.5,,,,3.0,
Iron Man,,,,,,,,,,,,4.0,0.5,4.0,,,,,,,,,,,,,,3.5,,,,,,2.0,,,3.0,,,,,,,,,,,,,,,,,,4.5,,,,,,,,,,,,,,,,,,,3.5,4.0,4.5,,,,,,,3.0,3.5,,,,,3.5,,4.5,,,,,,,,,,,,,,,,5.0,,,,4.5,4.0,,,,,,,,4.0,,,,,,,,,3.0,5.0,,,,,,,4.0,,,,,5.0,,,,3.5,,,,,3.5,,,4.0
Jumanji,,,,,4.0,,,,,,3.0,3.5,,,,,,,,,,,,,,,,4.0,,,,3.0,,,1.5,3.0,,,,,2.0,,4.0,,,,,,,,,,4.0,,,,,,,,,,,,,,,,,,,,,,2.0,,,,,,,,,3.5,,,,,,,,,,,,4.0,,,3.0,,,,,,,,5.0,,,,4.0,2.5,,,,,,,,,,3.0,3.0,,,2.5,,,,,,4.0,,,,,,,,,,4.0,,,,2.5,4.0,,4.0,,,,2.0,
Jurassic Park,4.0,,,,5.0,5.0,,4.0,,4.5,2.0,4.0,,,,,,,,,,4.0,,,,4.0,,,,,3.5,,,2.5,5.0,5.0,3.0,,,,,,2.0,,,4.0,,3.0,,4.0,,,4.0,2.0,,,,,3.5,,,,4.0,,,,,,,4.0,4.0,,,4.0,2.0,4.0,,,,3.5,,,,4.0,,,,,4.0,,,,,3.0,,,3.0,,4.0,,,,4.0,,4.0,,5.0,,3.5,,4.5,5.0,,,,,,3.0,2.0,,,4.5,5.0,,3.0,,4.0,,,,4.0,5.0,,,5.0,,,,,4.0,,,,3.0,,4.0,5.0,,5.0,,,5.0,3.0,5.0
Kill Bill: Vol. 1,,4.0,,,,,,,,,,1.5,4.0,,,,,5.0,,,,,,,3.5,,,5.0,,,,,,3.5,,,3.0,,,,,,,,,,,,,,,,,,,4.5,,,3.5,,,,,,,,3.5,4.5,3.5,,,,,3.0,4.0,,,,,,,4.0,5.0,3.0,,,,,,,,,,,,,,,,4.5,,,,4.0,,,4.0,,4.0,,2.5,4.0,4.5,,,,4.5,,,3.5,,4.0,4.0,,,,,,3.0,,,,,,,,0.5,,,,,,,,,4.0,,,,,3.5,,4.0,4.5
Kill Bill: Vol. 2,,,,,,,,,,,,1.5,5.0,,,,,4.5,,,,,,,3.5,,,5.0,,,,,,3.0,,,3.0,,,,,,,,,,,,4.0,,,,,,,,,,3.0,,,,,,,,,4.0,,,,,,3.5,4.0,,,,,,,3.5,3.0,,,,,,,,,,,,,,,3.5,,4.5,,,,3.5,,,3.0,,3.5,,2.5,4.5,5.0,,5.0,,,,,3.5,,4.5,4.0,,,,,,,,,,,,,,1.0,,,,,,,,,4.0,,,,,3.5,,4.0,4.5
L.A. Confidential,5.0,,,,,3.0,,,3.5,,4.0,,,,5.0,,,,4.5,2.0,,,,,,,,,,,4.0,,,,,,,,,,,,,,3.0,,4.5,,,,,,,,,,,5.0,,,,,,,,,,,,,4.0,,,,4.5,,3.0,,,,,,4.0,,,,,,5.0,,,,,,,,,,,4.0,,,4.0,,,,5.0,,,,,,,,,,,,,,,5.0,,,,,,,,,,,,,,,,4.5,,,,,,,,3.5,,4.0,,,,5.0,3.0,
"Lion King, The",,,,3.0,5.0,,,,,,3.0,4.0,,,,,,,,4.0,,5.0,,,,4.0,,,,,,4.0,,3.5,,,4.0,,,,3.0,,5.0,,,,,3.0,,,,4.0,4.0,,5.0,,,3.0,,,,,5.0,,5.0,,,,,,,,,,3.0,4.5,,,,,,,,4.5,,,,,4.0,,,,,4.0,,4.0,,,3.5,,,,,,,,5.0,,4.5,,5.0,,,,,,,3.0,,,,4.5,3.5,,,,3.0,,4.0,,,4.0,,,3.0,5.0,,,,,,,,3.0,,4.5,5.0,3.5,5.0,,4.0,,3.5,
"Lord of the Rings: The Fellowship of the Ring, The",,,,,,4.5,4.0,,3.5,4.5,,1.5,1.0,5.0,,,,,,,,5.0,,,,,,5.0,3.5,,,3.0,,,5.0,5.0,4.0,,,,,,2.0,,,,,,,,4.5,,5.0,,,4.0,,,,,,,,,,,,,,,,2.0,,,5.0,3.5,,,,,,,,4.0,,,,,3.5,,,,5.0,,,,,3.5,,5.0,,,,4.5,4.5,,5.0,,4.5,,3.5,5.0,,,5.0,,,,,4.0,,5.0,3.5,,,2.0,,,5.0,4.0,,,,,,,2.0,,,,,5.0,,,,4.5,,4.5,,,4.0,,4.5,5.0
"Lord of the Rings: The Return of the King, The",,,,,,4.0,4.0,,3.5,4.5,,1.5,1.0,5.0,,,,,,,,,,,,,,5.0,4.0,,,,,,5.0,,4.0,,,,,,5.0,,,,,,,,,,,4.0,,,,,3.5,,,,,,,,,,,,,,,,4.0,3.5,,,,,,,,3.5,,,,,4.0,,,,,,,,,3.5,3.5,5.0,,,,4.5,4.0,,5.0,,4.5,,4.0,5.0,,,5.0,,,,,4.0,,5.0,4.0,,,2.0,,,5.0,4.0,,,,,,,2.0,5.0,,,,5.0,,,,4.5,,4.5,,,3.5,,4.0,5.0
"Lord of the Rings: The Two Towers, The",,,,,,4.5,4.0,,3.5,5.0,,2.0,,5.0,,,,1.0,,,,,,,,,,5.0,,,4.5,4.0,,,5.0,,3.5,,,,,,1.5,,,5.0,,,,,,4.0,,,3.0,,,,,,,3.0,,,,,,,,,,,,,3.5,3.5,,,,,,3.0,,3.5,,,,,4.0,,,,5.0,,,,,3.5,,5.0,,,,4.5,3.5,,5.0,,4.5,,4.0,5.0,,,,,,,,4.0,,5.0,4.5,,,2.0,,,5.0,3.5,,,,,,,2.0,,,,,5.0,,,,5.0,,4.0,,,3.5,,4.5,5.0
Léon: The Professional (a.k.a. The Professional) (Léon),,,,,3.0,,,,4.0,3.5,4.0,3.0,,,,,,,,,,,,,,5.0,,5.0,,,4.5,4.0,,,,4.0,,,,,,,1.0,,,,,,,,,,,,,4.5,,,,,,,,,,,5.0,,,,,,,,,,,,,,,,5.0,3.5,,,,,,,,,,,,5.0,,,,4.5,,,4.0,3.5,,,5.0,,,,3.5,4.5,,,,,,,,,,3.5,4.5,,,,,,,,,,,,3.0,,4.5,,4.0,5.0,,,,,,,4.0,,,,,,4.0,5.0
"Mask, The",4.0,,,4.0,4.0,,,,,,4.0,3.0,,,,,,,,,,4.0,,,,4.0,,,,,,3.0,,,,4.0,2.5,,,,,,5.0,,,,,,,,,,,,,,,,1.5,,,,,,,,,,,,3.0,,,,2.0,2.5,,,,,,2.5,,,,,,,,,,,,4.0,,3.0,3.0,,,4.0,,,3.0,3.5,,,5.0,,,,2.5,2.0,,,,,,3.0,,,,1.0,4.0,,2.0,,,,3.5,,5.0,,,,2.0,,,,,3.0,,,,1.0,,3.0,4.0,,4.0,,3.0,,2.0,3.5
"Matrix Reloaded, The",,,,,,4.0,,,,,,3.5,,,,,,,,,,5.0,,,,,,5.0,,,4.0,,,1.0,,,3.0,,,,,,2.0,,,,,,,,,,,,,,,,3.0,,,,,,,,,,,,,3.5,,,,,,,,,,,,3.5,,,,,,,,,,,,,,4.0,,4.0,,,,3.5,3.5,,4.0,,,,4.0,2.0,,,,,,,,,,3.0,2.5,,,,,,2.5,3.5,,,,,,,4.0,,,,,4.0,,,,3.0,,,,,3.0,,5.0,4.0
"Matrix, The",5.0,,,,,,0.5,,3.5,5.0,4.0,4.0,,5.0,,,,3.0,,5.0,,5.0,,5.0,2.5,,,5.0,,,5.0,,4.0,0.5,5.0,5.0,3.5,,,,0.5,,4.0,,,4.0,,,,,3.5,,3.0,,5.0,4.5,5.0,,3.5,,,5.0,,,,,4.5,,4.0,5.0,5.0,4.0,,5.0,3.0,4.0,,4.5,4.0,5.0,,4.5,4.0,3.5,,,,,,,5.0,,,,,,,4.0,,4.5,,,4.0,4.0,3.5,,4.5,,4.5,,3.5,5.0,,,5.0,,,,,4.0,3.5,4.5,5.0,,5.0,2.5,,,3.5,5.0,,,,,,5.0,4.0,4.5,3.5,5.0,,5.0,4.0,,,4.0,,2.5,5.0,,4.0,,5.0,5.0
Memento,,,,,,,,,4.5,4.0,,,3.0,,,,,4.5,,,,,,,3.0,,,,4.0,,,4.0,,3.5,,5.0,3.0,,,,4.0,,,,,,,,,,,5.0,,,,4.5,,,4.0,,,,,,,,,4.0,,,,,,4.5,4.5,,,,,,,,,4.0,4.5,,,,4.5,,1.5,,5.0,,,,,5.0,,,,,,3.5,5.0,,5.0,,,,3.5,5.0,,,,,,,,,,5.0,4.0,,,,,,,,,,,,,5.0,3.0,,,,,,,,,3.5,,,,,4.5,,4.5,5.0
Men in Black (a.k.a. MIB),3.0,,,,,,,,,,2.0,4.5,,,,,,2.5,,,,3.0,1.5,5.0,2.5,,,3.0,,,,3.0,,3.0,,4.0,3.5,,,,0.5,,2.0,,,,,,3.5,,,,4.0,,,,,,,,,,,,,,,,,3.0,3.0,4.0,,4.0,4.0,4.0,,,,5.0,,,,4.0,,,,,2.0,,,,,,,,4.0,,3.5,,,4.0,3.0,,4.0,,5.0,,3.5,,,3.5,,,,,,,,,,4.5,3.5,,,,4.0,,,5.0,,,,,,5.0,,,,2.0,,5.0,4.0,,,3.5,,1.5,4.5,,,3.0,3.5,
Minority Report,,,,,,4.0,,,,,,4.5,,,,,,,,,,4.0,,4.5,,,,4.0,,,4.0,,,2.0,,,4.0,,,,,,4.5,,,4.0,,,,,,,,,,,,,4.0,,,,,,,,4.0,,,,,,,4.0,4.0,4.0,,,,3.5,,3.5,,,,,,,5.0,,,,,,,,,3.5,4.0,,,,,,5.0,,4.0,,,,4.0,3.0,,,,,,,,,,4.5,,,,,,,,3.5,,,,,,,4.0,,,,,4.0,,,,3.0,,,,,3.5,,4.5,4.0
Mission: Impossible,3.0,,,,,4.0,,4.0,,,3.0,4.5,,,,5.0,3.0,,,,3.0,4.0,,,,5.0,,,,,,,,,,4.0,,,4.0,3.0,,,1.0,,,,,,,,,,4.0,,,,,2.0,,,,,3.0,,,,,,,,,,,3.0,1.0,,,,,,,,,3.0,,,,5.0,4.0,,,,,,3.0,,,,,,3.0,,3.0,,5.0,,4.0,,,,4.0,4.0,,,,,,,,,,3.5,3.0,,,,,,,,3.0,,3.0,,5.0,,4.0,,,,,,,,,3.5,4.0,3.0,5.0,,,4.0,3.5,
"Monsters, Inc.",,,,,,4.0,,,,,,3.5,3.5,,,,,,,,,5.0,,5.0,3.0,,,,,,,4.0,,3.0,,,4.0,,,,,,,,,,,,,,,,,,,3.5,,,4.0,,,,,,,,,,,,,,,4.5,4.5,4.0,,,,,,,,3.5,,,,,4.0,,,,,,,,,,4.0,,,,,,,,5.0,,3.0,,4.0,4.5,,,,,,,,,4.0,3.0,2.5,,,,,,3.5,4.0,,,,4.5,,5.0,,,,,,5.0,,,,,,,,,3.5,,4.0,4.0
Monty Python and the Holy Grail,5.0,,,,,,,,4.0,,3.0,,,,4.0,3.0,,,,4.0,,5.0,,,4.0,,,,,,,4.5,,,,5.0,,,,,,,,,,,,,,,4.0,,5.0,,,5.0,,5.0,3.5,,3.0,,,,,,,,,,5.0,,,5.0,5.0,4.0,,,,,,,,3.5,,0.5,,,,,,,4.5,,,,,4.0,4.5,,,3.0,,2.5,,,5.0,,5.0,,,5.0,,,,,,,5.0,,,4.5,5.0,,,,,,4.0,5.0,5.0,,,,,,,5.0,,,,,,,,3.5,,,,,4.0,4.0,3.0,5.0
Mrs. Doubtfire,3.0,,,,5.0,,,,,,2.0,2.5,,,,,,,,,,4.0,1.0,,,3.0,,,,,,3.0,,4.0,,,3.0,,,,2.0,,,,,,,4.0,,4.0,,,4.0,,,,,,,,,,4.0,,4.5,,,,,,,,,4.0,3.0,4.0,,,,,,,,3.5,,,,,,,,,,3.0,,,,4.0,3.5,,,5.0,,,,,4.0,,,,3.5,2.0,,,,,,3.0,,,,2.5,4.0,,,,,,,,,,,,,,,,,4.0,,,5.0,,,2.5,5.0,2.5,,,,4.0,2.0,
Natural Born Killers,,,,,2.0,,,,,,,,,,,,,,,,,,,,,3.0,,,,,,,,,4.0,3.0,,,,,,,5.0,,,,,,,,,,,,,,,,,,,,,,,,,,,,1.0,,,,,,,,,,,,2.0,5.0,,,,,,3.0,,,,,,3.0,,,,,,,3.0,,,,,,,,,,,,,,,2.0,,,,,2.5,,,,,,,,,,,,1.0,,,,,,,,,3.0,,,,,,,,3.0,3.0,
"Net, The",,,,,3.0,,,,,,2.0,,,,,,,,,,,3.0,,,,3.0,,,,,,,,,2.0,,,,,,,,1.0,,,,,3.0,,,,,4.0,,,,,,,,,,,,,,,,,,,,,,,,,,,,,,,,,,,,,,,,,,,4.0,,,,,,,2.0,,4.0,,3.0,,,,4.5,,,,,,,,,,,3.0,1.0,5.0,,,,,,,3.0,,,,,,,,,3.0,,3.5,,1.0,3.0,,3.0,,,,,,3.0,
"Nightmare Before Christmas, The",,,,,,,,,,,5.0,0.5,,,,,,,,,,3.0,,,,5.0,,,,,,,,4.0,3.5,4.0,,,,,,,5.0,,,,,,,,,,,,,,,3.0,,,,,3.0,,,,,,,,2.0,,,,4.0,,,,,,,,,,,,,,,,,,,,,,,,5.0,,,2.0,,,,,5.0,,,,,,,,,,,3.0,,,,3.0,3.5,,,4.0,,,4.0,4.5,,3.0,,,3.0,,,4.0,,,,,,,,3.5,1.0,,,,,,3.5,
"O Brother, Where Art Thou?",,,,,,,,,,,,,2.5,,,,,,,,,,,,,,,,,,,,,,,3.0,4.5,,,,,,,,,,,,,,,,4.0,,,,,,,,,,,,,,,4.0,,,,,,4.0,5.0,,,,,,,3.0,,4.5,,,,,,,,,,,,,,4.0,5.0,,,,,,,,,5.0,,,,,,,,,,,,,,4.0,4.5,,,,,,,5.0,,,,,,,,,,,,,,,,4.0,,,,,3.5,,4.5,4.5
Ocean's Eleven,,,,,,4.0,,,,,,4.5,,,,,,,,,,5.0,,,,,,4.5,,,,3.5,,4.5,,,4.0,,,,,,,,,5.0,,,,,,,,,3.5,,,,,,,,,,,,4.5,,4.5,,,,,4.0,3.5,3.0,,,,,,,,,,,,,,,,,,,,,,,4.5,,,,,,,,3.0,,,,3.5,4.0,,,,,,,,5.0,,4.0,3.5,,,,,,3.5,,,,,,,,,,4.5,,,4.0,,,,3.5,,2.5,,,3.5,,4.5,4.0
Office Space,5.0,,,,,,,,,4.5,2.0,,,,,,,,,,,5.0,,,,,,,,,,3.0,,,,4.0,4.0,,,,,,,,,,,,,,,,,,,,,,,,,,,4.0,,,,,4.0,,,,,4.5,3.5,,,,,,,3.5,4.0,4.0,,,,,4.5,,,,,,,,,3.5,4.0,,,,,4.0,,,,,,,,4.5,,,,,,,,,,4.0,5.0,,,,,,3.5,4.0,,,,2.5,,,,5.0,4.0,,4.0,,,,,,,,,,,4.0,5.0,
One Flew Over the Cuckoo's Nest,,,,,,,,,4.0,4.5,4.0,,5.0,,,,,,,,,,,3.0,,,,4.0,,5.0,,,4.0,,,,,,,,3.0,,,,,,4.5,,,,,,4.0,5.0,,,,,,,,,,,,,,,,3.0,,,,5.0,5.0,2.5,,,,,,,3.0,4.0,4.0,4.0,5.0,,5.0,,,,,,,,,,,5.0,,,5.0,,,,4.0,,4.0,,,4.5,4.5,,,,,,,,,3.5,3.5,,,5.0,,,,,1.0,,,,,,,4.0,,,,,5.0,,,4.5,,,,,,5.0,3.5,
Outbreak,,,,,4.0,,,4.0,,,,,,,,,,,,,,4.0,,,,4.0,,,,,,,,,4.0,4.0,,3.0,,,,,,,,,,3.0,,,,,,,,,,,,,,,,,,,,,,4.0,,,,,,,,,,,,,4.0,,,,,,,,,,,,,4.0,,,,,,,4.0,,4.5,,,,,,,3.0,,,,,,3.0,,,,,,5.0,,,,,,,,,,,,,,,,,,,,3.0,,,,,,,,4.0,2.5,
Pirates of the Caribbean: The Curse of the Black Pearl,,,,,,4.5,,,,,,4.0,2.5,,,,,5.0,,,,5.0,,,3.0,,,4.0,,,,3.0,,3.0,,,4.0,,,,,,,,,,,,,,,,,,,,,,,,,,,,,,,,,,,,,4.0,4.0,4.0,,,,,,,,3.5,,,,,3.0,,,,,,,,,3.0,,4.0,,,,4.0,,,5.0,,4.0,,0.5,,4.5,,,,,,,4.0,3.5,3.5,3.0,,,2.5,,,3.5,,,,,4.5,,,,,,,,5.0,,,,4.0,,1.0,,,3.0,,4.0,4.0
Pretty Woman,,,,3.0,4.0,,3.5,,,,3.0,4.0,,,,,,,,,,3.0,3.0,,,5.0,,,,,,4.0,,4.0,,,,,,,0.5,,,,,,,4.0,,3.0,,,,,,,,,,,,,4.0,,,,,,,,,,,3.5,3.0,3.5,,,,,,,,,,,,,,,,,,5.0,,,,,4.0,,,,,,,,,4.0,,,4.0,,,,,,,4.0,,,,4.0,3.0,,,,1.0,,,,,,,,3.0,,,2.5,,4.0,,,4.0,,,3.0,3.0,,5.0,,,4.0,2.5,
"Princess Bride, The",5.0,,,,,,,,4.0,3.5,5.0,,,,,5.0,5.0,,,5.0,,5.0,,,,,,,,,,,,3.5,,5.0,3.5,,,,,,,,,5.0,,,,,4.0,,4.0,3.0,,,,3.0,,5.0,4.0,,,,,,,,,,4.0,,,,4.0,,,,,,,,,,,,,,,,,,,,,,,4.0,4.5,,,,5.0,2.5,4.0,,3.5,,,,,4.0,,,,,,,5.0,,,4.5,4.5,,,,,,4.0,5.0,5.0,,,5.0,,,,,,5.0,,,,,,4.5,,1.5,,,3.5,5.0,,4.5
Pulp Fiction,3.0,,,5.0,2.0,,1.0,,3.0,5.0,,3.5,,,3.5,,5.0,,,5.0,,5.0,,,4.0,5.0,,4.5,,,,,4.5,,,4.0,4.0,4.0,,,3.0,,5.0,,,,4.5,2.0,,1.0,,,,4.0,,4.5,,,3.0,,,4.0,4.0,,,,,4.5,5.0,,5.0,,,4.0,5.0,3.0,,4.5,,,,,5.0,4.5,,,,,2.5,,,,5.0,4.0,,5.0,,,4.5,5.0,,,5.0,5.0,,,5.0,2.0,4.0,,2.5,5.0,,,5.0,,4.0,,,,4.0,4.0,4.0,,,,,,3.5,,,,,,,,3.5,4.0,5.0,4.0,5.0,,5.0,5.0,5.0,4.5,4.0,,,,,,5.0,5.0
Raiders of the Lost Ark (Indiana Jones and the Raiders of the Lost Ark),5.0,,,,,,,,3.5,4.5,5.0,4.0,,5.0,4.5,4.0,5.0,,,4.0,,4.0,,,3.5,,,4.5,,,5.0,,3.5,,5.0,4.0,3.0,,,,0.5,,3.0,,,5.0,,,,,4.0,,5.0,2.0,,,,5.0,3.5,,,4.0,,,,,5.0,,,5.0,5.0,,,,5.0,4.0,,,,,,,,,,,,,5.0,4.0,,,,,,,5.0,4.0,4.0,,,5.0,4.0,4.0,4.0,,5.0,,,,,,,,5.0,,,,,,,4.0,5.0,,5.0,4.0,,,4.0,5.0,5.0,5.0,,,,,,,,4.0,,5.0,,,,5.0,,,,,3.5,5.0,,5.0
Rain Man,,,,,,,,,,,,,,,,,,,,,,4.0,4.0,,,,,5.0,,,,,,,,,,,,,3.0,,,,,,,,,,,,,,,,,,3.5,,,,,,,,,,,4.0,,,,4.5,3.0,3.0,,,,,,,2.0,3.5,,,,,,,,,,,,,,,4.5,,,,,,,,,,3.0,,4.5,,,,,,,,,,,4.0,4.5,,,,,,,,,5.0,,,,,,,,,,,,,,4.0,,,,,3.0,5.0,4.5,
Requiem for a Dream,,,0.5,,,,,,4.0,4.5,,,0.5,,,,,,,,,,1.0,,3.0,,,4.5,,,,,4.0,3.0,,,,,,,4.0,,,,,,,,,,,5.0,,,,5.0,,,,,,,,,,,4.0,,5.0,,,,,4.5,,,,,,,,,4.0,,,,,,3.5,,0.5,,,,,,,5.0,,,,,,,,,,,,,5.0,,,,,,4.0,,,,,4.0,3.5,,,,,,,,,,,,,,,,5.0,,,,,,,,,,,,,,5.0,3.5
Reservoir Dogs,5.0,,,,,,,,4.0,4.0,3.0,,,,,,,,,5.0,,,,,,,,5.0,,,5.0,,4.0,,,,,,,,,,,,,,5.0,,,,,,,,,4.5,,,,,,,,,,,,5.0,4.5,,5.0,,,5.0,,,,,,,,,5.0,4.0,,,,,,,,,,,,,,5.0,3.0,4.5,,,4.0,2.5,,,4.0,,,,,4.0,,,4.5,,4.0,,,,,4.0,4.0,,,,,,,,,,,,,,,,4.5,5.0,4.5,,,,,4.0,,,,,,4.0,4.0,5.0
"Rock, The",4.0,,,,,,,4.0,,,3.0,3.5,,,,5.0,4.0,,,,5.0,4.0,,,,,,,,,,3.0,,,,,,,4.0,,,,1.0,,,,,3.0,,,,,4.0,,5.0,,3.0,,,,,,,,,,,,,,5.0,,,,3.0,4.0,,,,,,,,,,,,5.0,,4.0,,,,,3.0,,,4.5,,,4.0,,3.0,,4.0,,3.0,,,,,3.0,,,,,,,5.0,,,4.0,3.5,,,,,,,,4.0,5.0,5.0,,,,,,3.0,,,4.0,,4.0,2.0,3.0,5.0,,,,,1.0,4.0,
Saving Private Ryan,4.0,,,,,,,5.0,,4.5,,,,5.0,5.0,,,,,,,5.0,4.0,,,,,4.0,4.0,,5.0,,3.5,,5.0,4.0,4.0,,,,,,5.0,,,3.0,,,,,,,,,3.0,,5.0,,,5.0,,,,,,,,,4.0,4.0,4.0,,,4.5,3.5,4.0,,4.5,4.0,,,,5.0,3.5,,,,,5.0,,4.0,,,,,,,4.0,4.5,,,,5.0,,,,5.0,,,,,5.0,,,,,,,,,,3.0,4.5,,5.0,3.0,,,3.5,,,,,,,,4.5,,,5.0,,2.5,,,,4.0,,,4.0,,,5.0,4.5,5.0
Schindler's List,5.0,,0.5,5.0,3.0,,,,4.0,4.5,,,,5.0,,,4.0,,,,,,,,,5.0,5.0,4.5,4.0,5.0,,4.5,4.0,,,5.0,,,,,2.0,,5.0,,,,,,4.5,5.0,,,,4.0,,4.5,,,,5.0,,2.0,5.0,,,,,,,,,,,5.0,5.0,,,4.5,5.0,,,,,4.0,,,,,5.0,,,,5.0,4.0,,,,,5.0,,,3.0,5.0,,4.5,,,4.0,4.5,,4.5,5.0,,,0.5,,,5.0,,,4.5,5.0,5.0,,,,,,,,,1.0,,3.5,,,,4.0,,,,2.5,,4.0,5.0,5.0,,3.5,,,4.0,,4.0,3.5
Seven (a.k.a. Se7en),5.0,,,,4.0,,,,3.5,4.0,3.0,,,,,,,,,3.0,,,3.0,,,5.0,,4.5,,,,0.5,4.5,,5.0,5.0,3.0,,,,,,5.0,,,,,,,,,,,,,5.0,,,3.0,,,,,,,,,4.5,4.0,,,,,,3.5,,,,,,,,5.0,4.0,,,,5.0,4.5,,,,,,,5.0,,,,4.5,,,4.0,3.5,,,5.0,,,,4.0,4.0,,,4.5,,,,,,,4.0,4.5,,,,,,,,5.0,,,,1.0,,4.5,,,,,,,3.0,,3.0,,,,,,4.0,4.5,5.0
Shakespeare in Love,,,,,,,,,,,4.0,,,,,,,,,,,4.0,,,,,,,,,4.0,3.0,,,,,,,,,2.5,,1.0,,,,,,,,,4.0,,,,,,,4.0,4.0,5.0,,,,,,,,,,1.0,,,,4.0,,,,,,,,,3.0,,,,,,,,,,,,,,,3.0,,,4.0,,3.5,,,,,,,3.5,,,,,,,,,,,4.0,4.5,,,,,,,,,,,,,,,,,2.0,,,5.0,,,4.0,,5.0,4.0,5.0,,5.0,,
"Shawshank Redemption, The",,3.0,,3.0,5.0,,,4.0,4.0,5.0,,,5.0,,4.5,,5.0,4.0,4.0,,,,4.0,,3.5,5.0,4.0,4.0,4.0,4.5,,,,4.5,,5.0,4.0,3.0,,,,,,5.0,,,,5.0,,,,,,3.5,,,,,4.5,,,,4.0,,,,5.0,,4.5,4.0,,4.0,,4.5,5.0,5.0,,5.0,4.0,,,,4.0,4.0,4.5,2.0,,5.0,4.0,,5.0,,5.0,,,5.0,,4.5,4.0,4.5,,5.0,,3.5,,,3.0,5.0,4.5,,3.0,4.0,5.0,,,,,5.0,,3.0,,5.0,5.0,,,3.0,,,,5.0,1.0,,,4.0,4.0,,4.0,,,5.0,,5.0,,5.0,5.0,4.5,4.0,4.5,,,,,4.5,3.0
"Shining, The",3.0,,,,,,,,,4.0,2.0,,,,,,,,,5.0,,5.0,,,4.0,,,,,,,,,,,,,,,,3.0,,2.5,,,,,,,,,,,,,,,,,,,,,,,,,3.5,,,,,,4.0,3.0,,,,,2.0,,,5.0,,,5.0,,,5.0,,,,,,,,,,5.0,5.0,,4.0,,,4.0,,4.0,,,,3.0,5.0,,,,,,,,,,4.0,5.0,,,4.0,,,,,,5.0,,,,,,,,5.0,,,,,,4.0,,,,,,,4.0,5.0
Shrek,,,,,,4.0,4.5,,,,,4.0,3.0,,,,,3.5,,,,5.0,,,2.0,,,1.0,,4.0,,4.5,,3.0,,4.0,4.0,,,,2.0,,4.0,,,,,,,,,,5.0,,,4.0,,,4.0,,,,,,,,4.5,,,,,,,4.5,4.0,4.0,,,,,,,4.0,3.5,,,,,4.0,,5.0,,,,,,,,4.0,4.0,,5.0,,4.0,4.0,,5.0,,4.0,,4.5,3.0,,,4.5,,,,,3.0,,4.5,3.5,,,,5.0,,4.0,4.0,,,,5.0,,,4.0,,,,,,,,,4.0,,3.0,,,4.0,,4.5,3.5
Shrek 2,,,,,,3.5,,,,,,4.0,,,,,,,,,,5.0,,,,,,1.0,,,,4.0,,2.0,,,2.5,,,,,,,,,,,,,,,,,,,,,,4.0,,,,,,,,4.0,,,,,,,4.0,3.5,3.0,,,,,,,,3.0,,,,,,,5.0,,,,,,,,3.5,4.0,,,,,,,4.0,,3.5,,4.5,2.5,,,,,,,,,2.0,4.0,3.5,,,,,,4.0,,,,,3.5,,,,,,,,,,,,3.5,,,,,,,4.5,
"Silence of the Lambs, The",4.0,,,,4.0,5.0,,5.0,3.0,4.5,,,,,,,5.0,,,5.0,,4.0,2.0,,3.5,,,5.0,,,,,,0.5,4.0,5.0,,,,,,,2.0,,,,,4.0,4.0,,,,5.0,3.5,,4.5,,,2.5,4.0,,4.0,5.0,,,,4.5,,,5.0,,,,4.0,5.0,3.0,4.0,,4.0,,,,5.0,4.0,,2.0,,,5.0,,,,5.0,5.0,,5.0,,,4.5,5.0,,5.0,4.0,4.0,,,5.0,3.0,,,4.0,4.0,,,4.5,,,5.0,,,,4.5,4.5,5.0,,4.0,,,,,4.0,5.0,,,4.0,,4.5,,,5.0,,,,5.0,5.0,3.5,5.0,4.0,5.0,,4.0,,4.0,4.5
"Sixth Sense, The",,,,,,4.5,0.5,,3.5,4.0,4.0,0.5,,,,,,3.0,,5.0,,5.0,3.0,,,,,4.5,,,,,3.0,,,3.0,,,,,,,5.0,,,,,,4.5,,,,,,3.0,,4.0,,4.5,,,,,,,,,,,,,,,4.5,3.0,4.0,,,3.5,,,,2.0,,,,,,4.5,,3.0,,,,,,,4.0,5.0,,,5.0,4.0,4.5,4.0,,5.0,,4.0,,4.0,5.0,,,,,,,5.0,,,5.0,4.0,,,5.0,,,4.0,,,,,,,5.0,4.0,4.0,,4.0,,3.0,,,,3.5,,,4.0,,4.0,5.0,4.5,4.5
Sleepless in Seattle,,,,,3.0,,,,,,3.0,,,,,,4.0,,,,,,3.0,,,5.0,,,,,4.0,4.0,,,,,,,,,,,,,,,,4.0,,,,,,,,,,,,,,,4.0,,,,,,,,,,,,3.0,,,,,,,,,,,,,,,,,,,3.0,,,,,3.0,,,,,,4.0,,,,,,,,,,,,,4.0,,,,4.5,3.0,,,,1.0,,,,,,,,5.0,,,,,,,3.5,4.0,,,,5.0,4.0,5.0,,,,2.5,
Snatch,,,,,,,,,3.0,,,,,,,,,,,,,5.0,,,,,,4.5,,,,,3.5,3.0,,,4.5,,,,,,4.5,,,,,,,,,,,,,,,,,,,,,,,,,,,,,,,,3.0,,,,,,,,4.0,4.0,,,,,,,4.0,,,,,,,4.5,,,,,,4.0,,,5.0,,,,,5.0,5.0,,,,,,,,,,3.5,,,,,,,4.5,,,,,,,,,5.0,,5.0,,,,,4.0,,,,,,,5.0,4.5
Speed,,,,,5.0,,,3.0,,,4.0,,,,,5.0,,4.5,,,,,,,,5.0,,,,,,,,,,4.0,,,,,,,3.0,,,4.0,,4.0,,3.0,,,4.0,,,,,,,4.0,,,5.0,,,,4.0,,,,2.0,,,3.5,3.0,3.5,,,,,,,,3.5,,,,,,,,,,5.0,,,,,,,,,3.0,,,,5.0,,,,,,,,,,,4.0,,,,4.0,3.5,,,,,,,,5.0,,,,3.0,5.0,4.0,,3.5,,,,,,,3.0,3.0,2.5,4.5,,,4.0,2.5,5.0
Spider-Man,,,,,,3.5,,,,,,3.0,,,,,,5.0,,,,5.0,,4.0,,,,4.0,,,4.0,3.5,,,,,,,,,0.5,,0.5,,,,,,,,,,4.0,,,,,,4.0,,,,,,,,,,,,,,,4.0,4.0,4.0,,,,3.5,,,,,,,,,,,,,,,,,,3.5,,4.0,,,,,,,4.0,,3.5,,2.5,3.5,,,,,,,,3.5,,4.5,4.0,,,3.0,,,2.5,4.0,,,,,,,2.0,4.0,,,,,,,,3.0,,,,,3.5,,3.0,4.5
Star Trek: Generations,,,,,4.0,,,,,,2.0,,,,,,,,,,,4.0,,,,,,,,,,,,,2.5,2.0,,3.0,,,,,1.0,,,,,,,4.0,,,4.0,,,,,,,,,,3.0,,,,,,,4.0,,,,,3.5,,,,,,,,,,,,,,,,,,,,,,,,,,,,,,,,3.0,,,,,,,,,,,3.0,4.0,,,4.0,,4.0,,,,,,3.5,3.0,4.0,,,4.0,,,3.5,,3.0,,,4.0,,,3.0,3.0,,4.0,,3.0,,3.0,
Star Wars: Episode I - The Phantom Menace,4.0,,,,,1.5,,,,,3.0,4.0,,,,,,3.5,,,,4.0,,,,,,4.5,,,,3.0,,,,2.0,,,,,,,2.0,,,,,,,,,,4.0,,,,4.0,,3.0,,3.0,,,,,,,,,4.0,,,,,4.0,4.0,,1.0,,,,,,3.0,,,,,,,5.0,,,,,,5.0,,3.0,4.0,,,,1.5,4.5,,4.0,,,,4.0,0.5,,,4.5,,,,3.0,,,4.0,2.0,,,,,,,1.5,,,,,,,,3.5,,5.0,,,,,,2.5,,2.5,4.0,4.0,,3.0,4.0,3.0
Star Wars: Episode II - Attack of the Clones,,,,,,0.5,,,,,,4.0,,,,,,4.0,,,,5.0,,,,,,4.5,,,4.0,,,,,,,,,,,,,,,,,,,,,,4.0,,,,,,,,,,,,,,,,,,,,,,3.5,3.0,,1.0,,5.0,,,,3.0,,,,,,,,,,,,,,,,,,,,1.0,4.5,,3.0,,,,4.0,1.0,,,,,,,,,,3.0,3.0,,,,,,,2.0,,,,,,,,4.0,,,,,,,,3.0,,1.5,,,,,4.5,3.5
Star Wars: Episode IV - A New Hope,5.0,,,,,5.0,,,3.0,5.0,4.0,4.5,,5.0,,,5.0,,,5.0,5.0,5.0,,,,,,4.5,,,5.0,3.0,,,5.0,4.0,4.0,,,,,,5.0,,,,,,,,4.5,,4.0,5.0,,,,,3.5,2.0,,4.0,,,,,4.0,,,5.0,4.0,,4.0,4.0,5.0,4.0,,,,3.5,,,4.0,3.0,,,,5.0,,,5.0,,4.5,,4.0,,,,4.0,4.5,4.0,5.0,4.0,2.0,4.0,,5.0,3.0,,,3.5,5.0,,,5.0,,,,5.0,1.5,,4.0,4.5,,5.0,2.0,4.0,,4.0,,5.0,5.0,5.0,,,,3.5,,,5.0,,4.5,,,,5.0,,5.0,,,4.0,5.0,3.5,5.0
Star Wars: Episode V - The Empire Strikes Back,5.0,,,,,4.0,,,3.0,5.0,4.0,4.5,,,,4.0,4.0,,,5.0,,5.0,,,,,,4.5,,,5.0,,,,5.0,4.0,3.0,,,,0.5,,4.0,,,4.0,,,,,4.0,,5.0,4.5,,,,,,,4.0,3.5,,,,,4.0,,,5.0,5.0,,,,4.5,4.0,,,,5.0,,,,3.0,,,,,,,,,5.0,,,,,,4.5,4.5,,4.0,3.0,2.5,4.0,,5.0,,,,3.5,5.0,,,4.0,,,,,2.5,,5.0,5.0,,5.0,,,,4.0,,5.0,5.0,,,,,,5.0,,5.0,,4.5,,,,5.0,,5.0,,,3.5,5.0,4.0,5.0
Star Wars: Episode VI - Return of the Jedi,5.0,,,,,4.0,,4.0,,5.0,3.0,4.5,,,,,,,,5.0,5.0,5.0,,,,,,4.5,,5.0,4.5,,,,5.0,4.0,4.5,,,,,,5.0,,,3.0,,,4.5,,,,5.0,,,,4.0,,,2.0,,,,,,,4.0,,4.5,,3.0,,,,4.5,4.0,,,,5.0,,,,4.0,,,,5.0,,,5.0,,,,4.0,,,,4.0,,3.0,,4.0,2.0,4.5,,5.0,,,,3.5,4.5,,,,,,,,,,4.0,3.5,,4.0,,,,,,3.0,5.0,,,,,3.5,,,5.0,,4.5,,,,4.5,,4.5,4.0,,4.0,5.0,4.0,5.0
Stargate,3.0,,,2.0,5.0,,,,,,2.0,,,,4.0,,,,,,,4.0,,,,,,,,,,,,,,,,2.0,,,,,2.0,,,,,,,3.0,,,4.0,,,,,,,,,,,,,,,,,5.0,3.0,,,,,,,,,,,,,,,,,,,,3.5,,,,,3.0,4.0,4.0,,,,,2.0,,,,5.0,,,,,3.5,,,,,,3.0,,,,3.5,4.0,3.0,3.0,,,,,4.0,3.0,,,,5.0,,,,,4.0,,4.0,,2.0,,,4.0,,4.0,,,,3.0,
Taxi Driver,,,,,,,,,4.5,4.0,,,,,,,,,,,,,,,4.0,,,,,,,,4.0,,,,,4.0,,,,,5.0,,,,4.5,,,,,,,,,,,,,,,,,,,,,5.0,,3.0,,,,4.0,3.5,2.0,,,,,,,5.0,,,,,,4.0,,,,5.0,,,,,,3.5,5.0,,,3.0,,,,,3.0,,,,5.0,,,,,3.5,3.0,,,,4.0,4.5,,,5.0,,,,,,,,,,,,,,,4.5,,,,5.0,4.0,,,,,,,3.0,5.0
Terminator 2: Judgment Day,,,,3.0,3.0,2.5,,4.0,,4.5,5.0,3.5,,,,,,3.5,,4.0,,5.0,,,,4.0,,,,,4.0,,,,,4.0,,,,,,,5.0,,,,,,,3.0,,,5.0,,,,4.0,,,,,5.0,4.0,,,,,,,4.0,4.0,3.5,,4.5,4.0,4.0,,,,5.0,,,4.0,,,,,,,,,,,4.0,,,,,3.5,4.0,,,3.0,4.0,5.0,,5.0,,,,3.5,4.5,,,5.0,,,3.0,,,,4.0,4.5,,5.0,,,,,4.5,5.0,,,,3.0,,4.0,,,5.0,,5.0,,3.0,,4.5,5.0,,5.0,,3.0,5.0,3.0,5.0
"Terminator, The",5.0,,,,,5.0,,,,5.0,4.0,3.5,,,,4.0,,,,,,3.0,,,,,,,,,5.0,,,,,5.0,,,,,,,4.0,,,,,,,,,,4.0,,,,,,3.0,,,4.0,,,,,,,4.0,5.0,4.0,4.0,,4.5,3.0,4.0,,,,5.0,,,,,,,,,,,,,,,,,,,,,,,4.0,4.0,4.0,,5.0,,,,3.5,3.5,,,,,,,,,,4.0,4.0,,,,,,,4.0,4.0,,,,,,,,,5.0,,,,,,4.5,,,5.0,,,4.0,3.5,5.0
There's Something About Mary,,,,,,1.5,,4.0,,,4.0,,,,,,,,,,,5.0,,,,,,,,,,,,,,5.0,,,,,,,,,,,,,,,,,,,,,,4.0,,,4.0,,,,,,,,,,3.0,,,,4.5,,,,,,,,,,5.0,,,,,,,,,,,,,3.5,4.0,,,,,,,,,,,,,3.5,,,,,,,,,,3.0,4.0,,,,3.0,,,,,,,,,,,4.0,3.5,,,,,,,2.5,,3.0,4.0,,,5.0,3.5,5.0
Titanic,,,,,,,,5.0,,,,3.5,,,,,,0.5,,,,4.0,3.5,,3.0,,,4.0,,,,,,4.0,,2.0,,,,,2.0,,,,3.0,,,,,,,3.0,,,,,,,2.0,5.0,,,,,,,,,,4.0,,2.5,,3.0,3.0,4.0,,,,,,,,,,,,,4.0,,,,,,,,4.0,,4.0,,,,,3.5,3.5,,2.0,,4.0,,4.0,3.0,,,,,,,,,,4.0,4.0,,,,,,,,,,,,,,3.5,,,,,,5.0,,,3.5,,4.0,4.5,,,4.0,2.0,3.0
Toy Story,4.0,,,4.0,,4.5,,,,4.5,4.0,3.5,,,,5.0,3.0,,,,3.0,4.0,,,3.0,,,,,,,,,,3.0,4.0,4.0,5.0,,5.0,2.0,,4.0,4.0,,,,,,,,4.0,4.0,2.0,,,,3.0,3.5,,,,,,4.5,,,,,,2.0,,4.0,4.5,4.5,4.0,3.0,,,,,,,,,,,4.0,4.0,,,,,,4.0,5.0,,,5.0,,5.0,5.0,,,,,5.0,,4.0,,2.5,4.0,,,,,,,,,5.0,4.0,3.0,,,,4.0,,4.0,,4.0,,3.0,,3.0,,,,,4.0,,,5.0,,,4.0,,,,,4.0,4.0,2.5,5.0
Toy Story 2,,,,,,4.5,,,,,2.0,3.5,,,,,,,,,,5.0,,,3.0,,,3.0,,,,,,,,,4.5,,,,,,2.0,,,,,,,,,3.0,4.0,,,,,,,,,,,,,,,,,,,,,4.5,4.0,4.0,,,,,,,,3.0,,,,,,,,,,,,,,,5.0,,,5.0,,,,,5.0,,,,2.0,,,,,,,,,,,4.0,3.0,,,,5.0,,3.5,,,4.0,,,,,,4.5,,,,4.5,4.0,,,,,,,,3.5,,2.5,5.0
Trainspotting,,,,,,,,,,,,,,,,,,,,,,4.0,,,,,,4.5,,,,,3.5,,3.5,,,,,,3.5,,5.0,,,,,,,,,,,4.0,,,,,,,,,,,,,,4.5,,,5.0,,,,,,,,,,,,5.0,4.0,,4.5,,4.0,,,,,,,,,,4.0,3.5,,,,,4.5,,,,,,,3.5,4.5,,,,,,,,,,4.0,4.0,,,,,,,,,,,,,,,,5.0,5.0,,,,5.0,,,,,,,,5.0,3.0,5.0
True Lies,,,,2.0,4.0,3.0,,4.0,,,3.0,,,,,,,,,,,4.0,,,,3.0,,,,,,3.5,,,,3.0,,3.0,,,,,,3.5,,,,,,,,,4.0,,,,2.0,,,,3.0,,4.0,,,,,,,,,,,,3.0,4.0,,,,,,,,,,,,,,,5.0,,,,,3.0,,3.0,,,,,3.0,4.0,3.5,,5.0,,,,,2.5,,,,,,3.0,,,,4.0,2.5,5.0,,,,,,,4.0,,,,4.0,5.0,,,,4.0,,4.5,4.0,3.0,,3.0,5.0,,4.5,,,2.0,3.0,5.0
"Truman Show, The",,,,,,3.0,,,,,,,,,,,,2.5,,,,4.0,,,2.5,,,4.5,4.5,3.5,,,,4.0,,4.0,3.0,,,,4.5,,,,,,,,,,,,,,,,,,,,,,,,4.5,,,,4.5,4.0,,4.0,,4.5,4.0,,4.0,,,,,,,4.5,,,,,4.5,,,,,,,,,3.0,3.5,4.0,,,,,,,4.0,,,,,,,,,,,,,,,4.5,4.5,,,,,,4.0,4.5,,,,,,,,,,,,,,,,,,,,,,,4.5,5.0
Twelve Monkeys (a.k.a. 12 Monkeys),,,,,4.0,,,,,,4.0,,,,,,4.0,,,3.0,,4.5,,,3.0,5.0,,,,,4.0,,,,5.0,5.0,,,5.0,,,,5.0,,,,,,,,,,,,,,,,,,,,4.0,,,,,,,4.0,4.0,,5.0,4.0,5.0,2.0,,,,3.5,,,4.0,4.5,,,,4.0,3.0,,,3.5,,,4.0,5.0,,,,,3.0,,,,5.0,4.5,5.0,,3.5,,,3.5,,,,,,,,,,4.0,4.0,,,,,,4.0,3.5,3.0,,5.0,,,,,,5.0,4.0,,,5.0,,,3.0,,,,,3.5,,3.5,4.5
Twister,3.0,,,,5.0,,,4.0,,,2.0,,,,,4.0,3.0,,,,2.0,,,,,3.0,,,,,,,,,,,,,,4.0,,,1.0,,,,,3.0,,,,,,,,,,,3.0,,,,4.0,,,,,,,,,,4.0,,2.0,,,,,,,,,,,,,5.0,,,4.5,,,,3.0,,,,,,4.0,,3.0,,,,3.0,,,,,2.5,,,,,,,,,,2.0,2.5,,,,,,,,3.0,3.0,4.0,,,,,,,,,,,,5.0,2.5,,2.0,4.0,,,,3.0,
Up,,,,,,,4.0,,4.0,,,4.5,2.0,5.0,,,,,,,,,,,,,,5.0,,,,4.0,,4.0,4.0,,5.0,,,,2.5,,,,,,,,,,,,,,4.0,4.0,,,,,,,,,,,4.0,,,,,,,,4.5,4.0,,,,,,,,4.0,,,,,3.0,,5.0,,,,,,,,3.5,,,,,,,,5.0,,,,4.0,3.5,4.0,,,,,,,5.0,,,,,,5.0,,,3.5,,,,,5.0,,,4.0,,,,,5.0,,,,4.0,,,,,3.5,,,3.5
"Usual Suspects, The",5.0,,,4.0,1.0,4.5,,,4.0,4.5,,,,,3.5,,5.0,,,5.0,,5.0,,,,5.0,3.0,,,,,,,,5.0,,,5.0,,,,,4.0,,,,,,,,,,,,,,,,,,,,,,,,,5.0,4.0,,4.0,,,4.5,,,,5.0,,,,,5.0,,4.5,2.0,,3.0,,,,,5.0,,,,,3.5,5.0,3.5,,,4.0,4.5,,,4.0,,,,3.0,,4.0,,,,,3.0,,,,4.0,3.5,,,3.0,,,,,2.0,,,,5.0,,,,4.0,5.0,,,5.0,5.0,,4.5,,4.5,,5.0,3.5,5.0,4.5,4.0
V for Vendetta,,,,,,,,,,,,2.5,0.5,,,,,,,,,,,,,,,5.0,4.5,,,,,,,,5.0,,,,4.0,,,,,,,,,,,,,,,5.0,,,,,,,,,,,,,,,,4.0,,,,,,,,,,,,3.5,,,,,4.0,,,,,,,,,3.5,,,,,,4.0,,,4.0,,4.0,,4.0,4.0,4.0,,,,,,,,3.5,4.0,4.0,,,,,,4.0,,,,,,,,,,,,,,,,,3.5,,4.0,,,3.5,,4.0,3.5
WALL·E,,,,,,,,,4.0,3.5,,,2.0,5.0,,,,,,,,,,,,,,4.5,,,,,,3.5,,,5.0,,,,,,,,,,,,,,,,,,,,,,,,,,,,,,4.5,,,,,,,,4.5,3.5,,,,,,,,4.5,,,,,4.5,,3.5,,,,,,,3.5,,,,,,,4.5,,5.0,,,,4.0,3.5,,4.0,,,,,,4.5,4.5,,,,,,,,3.5,4.5,,,,,,5.0,4.5,,,,,5.0,,,,4.0,,,,,4.5,,,4.5
Waterworld,,,,,3.0,,,3.0,,,2.0,,,,,,,,,,,,,,,4.0,,,,,,,,,2.5,,,3.0,,,,,,,,,,4.0,,,,,,,,,,,,,,,1.0,,,,,,,,,,,,,,,,,,,,,3.5,,,,,,,,,,,,,,4.0,3.5,,,,3.0,,,,3.0,,,,,2.5,,,4.0,,,,,,,,3.0,1.0,,,,,,,1.0,,,,2.0,,,,,,,,,2.0,,,4.0,,5.0,,,,3.0,
While You Were Sleeping,,,,,4.0,,,,,,3.0,,,,,4.0,4.0,,,,,,,,,5.0,,,,,,,,,1.5,,,3.0,,,,,,,,,,4.0,,,,,,,,,,,,,,,,,,,,,,,,,,,3.0,,,,,,,,,,,,,,,,,,,,,,,,3.5,,,,,,4.0,,,,,,,,,,,,,3.0,,,,3.5,,4.0,,,,,,,,,,,,,,,,3.0,,4.0,,,,3.0,5.0,2.0,5.0,,,3.0,2.5,
Who Framed Roger Rabbit?,5.0,,,,,,,,,,5.0,,,,,,,,,4.0,,4.0,,,,,,,,,,4.0,,3.5,,5.0,,,,,,,4.0,,,,,,,,,,5.0,,,,,3.0,,,,,,,,,,4.0,,,,,,4.0,3.0,4.0,,,,,,,,,,,,,,3.0,,,,,,,,,3.0,,,,,,4.0,,5.0,4.0,,,,,,,,,,,,,,4.0,4.0,,,,4.0,,,,,2.0,,,,,,4.0,,4.0,,,,,,3.0,,,,,,5.0,3.0,
Willy Wonka & the Chocolate Factory,5.0,,,,3.0,,,,,,4.0,,,,,4.0,5.0,,,3.0,,4.0,,,,5.0,,,,,,,,,,5.0,,,3.0,4.0,,,,,,,,,,,,,5.0,,,,,,,,,,,,,,,4.0,,,,,3.0,4.0,4.0,4.5,,,,,,3.0,,,,,,5.0,,,,,,,3.0,,,,3.5,,5.0,,,,,,4.0,5.0,,,,4.5,,,,,,,,,,3.5,3.5,,,,,,3.5,,,5.0,3.0,,,,,4.5,,,,4.5,4.0,,,3.0,,2.5,,,,5.0,3.5,
"Wizard of Oz, The",5.0,,,,,,,,,,,,,,,,,,1.5,,,3.0,,,,,,,,,,3.0,,,,5.0,,,,,,,,,,,,,,,,3.0,5.0,,,,,,,,,,,,,,,,,,1.0,,,5.0,3.5,,,,,,,,,,,,,,,,,,,,,,,,4.5,,,5.0,,,,,3.0,,,,,,,,,,,,4.0,,,4.5,5.0,,,,,,,,,5.0,,,,,,,,,,,,,,5.0,,,4.0,,4.0,4.0,2.5,3.5
X-Men,5.0,,,,,3.5,,,,,4.0,3.5,,,,,,5.0,,4.0,,5.0,,3.5,,,,3.0,,,4.0,,,,,4.0,,,,,,,1.0,,,,,,3.5,,,,,,,,,4.0,4.0,,,,,,,,,,,5.0,,,,,3.5,3.0,,,,5.0,,,,,,,,,,,5.0,,,,,,,3.5,,,,5.0,,,,,5.0,,4.0,,4.0,4.5,,,,,,,3.0,4.0,,4.5,4.0,,,,,,3.0,4.0,,,,,,,,,,3.0,,5.0,,,,3.0,,3.0,4.5,,4.0,,4.0,3.5
